Row,course_name,tee_date,tee_time,brand_current_price,golfnow_current_price,teeoff_current_price,supremegolf_current_price,brand_availability_status,golfnow_availability_status,teeoff_availability_status,supremegolf_availability_status,overall_availability_status
1,stonegate_golf_club_central,09-05-2026,10:00 AM,72.22,72.42,76.11,79.53,SOLD_OUT,SOLD_OUT,SOLD_OUT,SOLD_OUT,SOLD_OUT_EVERYWHERE
2,stonegate_golf_club_central,06-05-2026,10:00 AM,,58.75,,,NEVER_LISTED,SOLD_OUT,NEVER_LISTED,NEVER_LISTED,SOLD_OUT_EVERYWHERE
3,stonegate_golf_club_central,10-05-2026,10:00 AM,,58.75,62.67,65.33,NEVER_LISTED,ADDED_AND_SOLD,ADDED_AND_SOLD,ADDED_AND_SOLD,SOLD_OUT_EVERYWHERE
4,stonegate_golf_club_central,04-05-2026,10:00 AM,,58.75,,,NEVER_LISTED,SOLD_OUT,NEVER_LISTED,NEVER_LISTED,SOLD_OUT_EVERYWHERE
5,stonegate_golf_club_central,08-05-2026,10:00 AM,,72.42,,,NEVER_LISTED,SOLD_OUT,NEVER_LISTED,NEVER_LISTED,SOLD_OUT_EVERYWHERE
6,stonegate_golf_club_central,06-05-2026,10:07 AM,58.52,58.75,62.67,65.33,SOLD_OUT,SOLD_OUT,SOLD_OUT,SOLD_OUT,SOLD_OUT_EVERYWHERE
7,stonegate_golf_club_central,09-05-2026,10:07 AM,72.22,72.42,76.11,79.53,SOLD_OUT,SOLD_OUT,SOLD_OUT,SOLD_OUT,SOLD_OUT_EVERYWHERE
8,stonegate_golf_club_central,10-05-2026,10:07 AM,58.52,58.75,62.67,65.33,SOLD_OUT,SOLD_OUT,SOLD_OUT,SOLD_OUT,SOLD_OUT_EVERYWHERE
9,stonegate_golf_club_central,04-05-2026,10:07 AM,58.52,61.9,65.77,68.6,SOLD_OUT,SOLD_OUT,SOLD_OUT,SOLD_OUT,SOLD_OUT_EVERYWHERE
10,stonegate_golf_club_central,07-05-2026,10:07 AM,,58.75,,,NEVER_LISTED,SOLD_OUT,NEVER_LISTED,NEVER_LISTED,SOLD_OUT_EVERYWHERE
11,stonegate_golf_club_central,06-05-2026,10:15 AM,58.52,58.75,62.67,65.33,SOLD_OUT,SOLD_OUT,SOLD_OUT,SOLD_OUT,SOLD_OUT_EVERYWHERE
12,stonegate_golf_club_central,10-05-2026,10:15 AM,58.52,58.75,62.67,65.33,SOLD_OUT,SOLD_OUT,SOLD_OUT,SOLD_OUT,SOLD_OUT_EVERYWHERE
13,stonegate_golf_club_central,11-05-2026,10:15 AM,58.52,58.75,62.67,65.33,SOLD_OUT,SOLD_OUT,SOLD_OUT,SOLD_OUT,SOLD_OUT_EVERYWHERE
14,stonegate_golf_club_central,09-05-2026,10:15 AM,72.22,72.42,76.11,79.53,SOLD_OUT,SOLD_OUT,SOLD_OUT,SOLD_OUT,SOLD_OUT_EVERYWHERE
15,stonegate_golf_club_central,04-05-2026,10:15 AM,,58.75,,,NEVER_LISTED,SOLD_OUT,NEVER_LISTED,NEVER_LISTED,SOLD_OUT_EVERYWHERE
16,stonegate_golf_club_central,07-05-2026,10:15 AM,,58.75,,,NEVER_LISTED,SOLD_OUT,NEVER_LISTED,NEVER_LISTED,SOLD_OUT_EVERYWHERE
17,stonegate_golf_club_central,09-05-2026,10:22 AM,72.22,,,,ADDED_AND_SOLD,NEVER_LISTED,NEVER_LISTED,NEVER_LISTED,SOLD_OUT_EVERYWHERE
18,stonegate_golf_club_central,05-05-2026,10:22 AM,58.52,58.75,62.67,65.33,SOLD_OUT,ADDED_AND_SOLD,SOLD_OUT,SOLD_OUT,SOLD_OUT_EVERYWHERE
19,stonegate_golf_club_central,06-05-2026,10:22 AM,58.52,58.75,62.67,65.33,SOLD_OUT,SOLD_OUT,SOLD_OUT,SOLD_OUT,SOLD_OUT_EVERYWHERE
20,stonegate_golf_club_central,10-05-2026,10:22 AM,58.52,58.75,62.67,65.33,SOLD_OUT,SOLD_OUT,SOLD_OUT,SOLD_OUT,SOLD_OUT_EVERYWHERE
21,stonegate_golf_club_central,07-05-2026,10:22 AM,,58.75,,,NEVER_LISTED,SOLD_OUT,NEVER_LISTED,NEVER_LISTED,SOLD_OUT_EVERYWHERE
22,stonegate_golf_club_central,11-05-2026,10:22 AM,58.52,58.75,62.67,65.33,SOLD_OUT,SOLD_OUT,SOLD_OUT,SOLD_OUT,SOLD_OUT_EVERYWHERE
23,stonegate_golf_club_central,04-05-2026,10:22 AM,,58.75,,,NEVER_LISTED,SOLD_OUT,NEVER_LISTED,NEVER_LISTED,SOLD_OUT_EVERYWHERE
24,stonegate_golf_club_central,10-05-2026,10:30 AM,58.52,58.75,62.67,65.33,SOLD_OUT,SOLD_OUT,SOLD_OUT,SOLD_OUT,SOLD_OUT_EVERYWHERE
25,stonegate_golf_club_central,09-05-2026,10:30 AM,72.22,72.42,76.11,79.53,SOLD_OUT,SOLD_OUT,SOLD_OUT,SOLD_OUT,SOLD_OUT_EVERYWHERE
26,stonegate_golf_club_central,04-05-2026,10:30 AM,,58.75,,,NEVER_LISTED,SOLD_OUT,NEVER_LISTED,NEVER_LISTED,SOLD_OUT_EVERYWHERE
27,stonegate_golf_club_central,07-05-2026,10:30 AM,,58.75,,,NEVER_LISTED,SOLD_OUT,NEVER_LISTED,NEVER_LISTED,SOLD_OUT_EVERYWHERE
28,stonegate_golf_club_central,11-05-2026,10:30 AM,58.52,58.75,62.67,65.33,SOLD_OUT,SOLD_OUT,SOLD_OUT,SOLD_OUT,SOLD_OUT_EVERYWHERE
29,stonegate_golf_club_central,06-05-2026,10:30 AM,58.52,58.75,62.67,65.33,ADDED_AND_SOLD,SOLD_OUT,ADDED_AND_SOLD,ADDED_AND_SOLD,SOLD_OUT_EVERYWHERE
30,stonegate_golf_club_central,05-05-2026,10:30 AM,,58.75,,,NEVER_LISTED,SOLD_OUT,NEVER_LISTED,NEVER_LISTED,SOLD_OUT_EVERYWHERE
31,stonegate_golf_club_central,07-05-2026,10:37 AM,58.52,58.75,62.67,65.33,SOLD_OUT,SOLD_OUT,SOLD_OUT,SOLD_OUT,SOLD_OUT_EVERYWHERE
32,stonegate_golf_club_central,06-05-2026,10:37 AM,58.52,58.75,62.67,65.33,SOLD_OUT,SOLD_OUT,SOLD_OUT,SOLD_OUT,SOLD_OUT_EVERYWHERE
33,stonegate_golf_club_central,09-05-2026,10:37 AM,72.22,72.42,76.11,79.53,SOLD_OUT,SOLD_OUT,SOLD_OUT,SOLD_OUT,SOLD_OUT_EVERYWHERE
34,stonegate_golf_club_central,10-05-2026,10:37 AM,58.52,58.75,62.67,65.33,SOLD_OUT,SOLD_OUT,SOLD_OUT,SOLD_OUT,SOLD_OUT_EVERYWHERE
35,stonegate_golf_club_central,11-05-2026,10:37 AM,58.52,58.75,62.67,65.33,SOLD_OUT,SOLD_OUT,SOLD_OUT,SOLD_OUT,SOLD_OUT_EVERYWHERE
36,stonegate_golf_club_central,04-05-2026,10:37 AM,,58.75,,,NEVER_LISTED,SOLD_OUT,NEVER_LISTED,NEVER_LISTED,SOLD_OUT_EVERYWHERE
37,stonegate_golf_club_central,05-05-2026,10:37 AM,,58.75,,,NEVER_LISTED,SOLD_OUT,NEVER_LISTED,NEVER_LISTED,SOLD_OUT_EVERYWHERE
38,stonegate_golf_club_central,10-05-2026,10:45 AM,58.52,58.75,62.67,65.33,SOLD_OUT,SOLD_OUT,SOLD_OUT,SOLD_OUT,SOLD_OUT_EVERYWHERE
39,stonegate_golf_club_central,07-05-2026,10:45 AM,58.52,58.75,62.67,65.33,SOLD_OUT,SOLD_OUT,SOLD_OUT,SOLD_OUT,SOLD_OUT_EVERYWHERE
40,stonegate_golf_club_central,06-05-2026,10:45 AM,58.52,58.75,62.67,65.33,SOLD_OUT,SOLD_OUT,SOLD_OUT,SOLD_OUT,SOLD_OUT_EVERYWHERE
41,stonegate_golf_club_central,09-05-2026,10:45 AM,72.22,72.42,76.11,79.53,SOLD_OUT,SOLD_OUT,SOLD_OUT,SOLD_OUT,SOLD_OUT_EVERYWHERE
42,stonegate_golf_club_central,05-05-2026,10:45 AM,,58.75,,,NEVER_LISTED,SOLD_OUT,NEVER_LISTED,NEVER_LISTED,SOLD_OUT_EVERYWHERE
43,stonegate_golf_club_central,04-05-2026,10:45 AM,,61.9,65.77,68.6,NEVER_LISTED,SOLD_OUT,SOLD_OUT,SOLD_OUT,SOLD_OUT_EVERYWHERE
44,stonegate_golf_club_central,11-05-2026,10:45 AM,58.52,58.75,62.67,65.33,SOLD_OUT,SOLD_OUT,SOLD_OUT,SOLD_OUT,SOLD_OUT_EVERYWHERE
45,stonegate_golf_club_central,10-05-2026,10:52 AM,58.52,58.75,62.67,65.33,SOLD_OUT,SOLD_OUT,SOLD_OUT,SOLD_OUT,SOLD_OUT_EVERYWHERE
46,stonegate_golf_club_central,07-05-2026,10:52 AM,58.52,58.75,62.67,65.33,SOLD_OUT,SOLD_OUT,SOLD_OUT,SOLD_OUT,SOLD_OUT_EVERYWHERE
47,stonegate_golf_club_central,04-05-2026,10:52 AM,58.52,61.9,65.77,68.6,SOLD_OUT,SOLD_OUT,SOLD_OUT,SOLD_OUT,SOLD_OUT_EVERYWHERE
48,stonegate_golf_club_central,05-05-2026,10:52 AM,58.52,58.75,62.67,65.33,SOLD_OUT,SOLD_OUT,SOLD_OUT,SOLD_OUT,SOLD_OUT_EVERYWHERE
49,stonegate_golf_club_central,09-05-2026,10:52 AM,72.22,72.42,76.11,79.53,SOLD_OUT,SOLD_OUT,SOLD_OUT,SOLD_OUT,SOLD_OUT_EVERYWHERE
50,stonegate_golf_club_central,11-05-2026,10:52 AM,58.52,58.75,62.67,65.33,SOLD_OUT,SOLD_OUT,SOLD_OUT,SOLD_OUT,SOLD_OUT_EVERYWHERE
51,stonegate_golf_club_central,06-05-2026,10:52 AM,58.52,58.75,62.67,65.33,SOLD_OUT,SOLD_OUT,SOLD_OUT,SOLD_OUT,SOLD_OUT_EVERYWHERE
52,stonegate_golf_club_central,11-05-2026,11:00 AM,58.52,58.75,62.67,65.33,SOLD_OUT,STILL_AVAILABLE,STILL_AVAILABLE,STILL_AVAILABLE,OTA_ONLY
53,stonegate_golf_club_central,06-05-2026,11:00 AM,58.52,58.75,62.67,65.33,SOLD_OUT,SOLD_OUT,SOLD_OUT,SOLD_OUT,SOLD_OUT_EVERYWHERE
54,stonegate_golf_club_central,09-05-2026,11:00 AM,72.22,72.42,76.11,79.53,ADDED_AND_SOLD,ADDED_AND_SOLD,SOLD_OUT,SOLD_OUT,SOLD_OUT_EVERYWHERE
55,stonegate_golf_club_central,05-05-2026,11:00 AM,58.52,58.75,62.67,65.33,SOLD_OUT,SOLD_OUT,SOLD_OUT,SOLD_OUT,SOLD_OUT_EVERYWHERE
56,stonegate_golf_club_central,04-05-2026,11:00 AM,58.52,58.75,62.67,65.33,SOLD_OUT,SOLD_OUT,SOLD_OUT,SOLD_OUT,SOLD_OUT_EVERYWHERE
57,stonegate_golf_club_central,07-05-2026,11:00 AM,,58.75,,,NEVER_LISTED,SOLD_OUT,NEVER_LISTED,NEVER_LISTED,SOLD_OUT_EVERYWHERE
58,stonegate_golf_club_central,10-05-2026,11:00 AM,58.52,58.75,62.67,65.33,SOLD_OUT,SOLD_OUT,SOLD_OUT,SOLD_OUT,SOLD_OUT_EVERYWHERE
59,stonegate_golf_club_central,08-05-2026,11:00 AM,,72.42,,,NEVER_LISTED,SOLD_OUT,NEVER_LISTED,NEVER_LISTED,SOLD_OUT_EVERYWHERE
60,stonegate_golf_club_central,10-05-2026,11:07 AM,58.52,58.75,62.67,65.33,SOLD_OUT,SOLD_OUT,SOLD_OUT,SOLD_OUT,SOLD_OUT_EVERYWHERE
61,stonegate_golf_club_central,04-05-2026,11:07 AM,58.52,58.75,62.67,65.33,SOLD_OUT,SOLD_OUT,SOLD_OUT,SOLD_OUT,SOLD_OUT_EVERYWHERE
62,stonegate_golf_club_central,09-05-2026,11:07 AM,72.22,72.42,76.11,79.53,SOLD_OUT,SOLD_OUT,SOLD_OUT,SOLD_OUT,SOLD_OUT_EVERYWHERE
63,stonegate_golf_club_central,07-05-2026,11:07 AM,58.52,58.75,68.87,71.88,ADDED_AND_SOLD,SOLD_OUT,ADDED_AND_SOLD,ADDED_AND_SOLD,SOLD_OUT_EVERYWHERE
64,stonegate_golf_club_central,11-05-2026,11:07 AM,58.52,58.75,62.67,65.33,STILL_AVAILABLE,STILL_AVAILABLE,STILL_AVAILABLE,STILL_AVAILABLE,BRAND_AND_OTA
65,stonegate_golf_club_central,08-05-2026,11:07 AM,,82.94,86.44,90.46,NEVER_LISTED,SOLD_OUT,SOLD_OUT,SOLD_OUT,SOLD_OUT_EVERYWHERE
66,stonegate_golf_club_central,05-05-2026,11:07 AM,58.52,58.75,62.67,65.33,SOLD_OUT,SOLD_OUT,SOLD_OUT,SOLD_OUT,SOLD_OUT_EVERYWHERE
67,stonegate_golf_club_central,06-05-2026,11:07 AM,,58.75,,,NEVER_LISTED,SOLD_OUT,NEVER_LISTED,NEVER_LISTED,SOLD_OUT_EVERYWHERE
68,stonegate_golf_club_central,04-05-2026,11:15 AM,58.52,58.75,62.67,65.33,SOLD_OUT,SOLD_OUT,SOLD_OUT,SOLD_OUT,SOLD_OUT_EVERYWHERE
69,stonegate_golf_club_central,06-05-2026,11:15 AM,58.52,58.75,62.67,65.33,SOLD_OUT,SOLD_OUT,SOLD_OUT,SOLD_OUT,SOLD_OUT_EVERYWHERE
70,stonegate_golf_club_central,09-05-2026,11:15 AM,72.22,72.42,76.11,79.53,SOLD_OUT,SOLD_OUT,SOLD_OUT,SOLD_OUT,SOLD_OUT_EVERYWHERE
71,stonegate_golf_club_central,11-05-2026,11:15 AM,58.52,58.75,62.67,65.33,STILL_AVAILABLE,STILL_AVAILABLE,STILL_AVAILABLE,STILL_AVAILABLE,BRAND_AND_OTA
72,stonegate_golf_club_central,10-05-2026,11:15 AM,58.52,58.75,62.67,65.33,SOLD_OUT,SOLD_OUT,SOLD_OUT,SOLD_OUT,SOLD_OUT_EVERYWHERE
73,stonegate_golf_club_central,08-05-2026,11:15 AM,,82.94,86.44,90.46,NEVER_LISTED,SOLD_OUT,SOLD_OUT,SOLD_OUT,SOLD_OUT_EVERYWHERE
74,stonegate_golf_club_central,05-05-2026,11:15 AM,58.52,58.75,62.67,65.33,SOLD_OUT,SOLD_OUT,SOLD_OUT,SOLD_OUT,SOLD_OUT_EVERYWHERE
75,stonegate_golf_club_central,07-05-2026,11:15 AM,58.52,58.75,62.67,65.33,SOLD_OUT,SOLD_OUT,SOLD_OUT,SOLD_OUT,SOLD_OUT_EVERYWHERE
76,stonegate_golf_club_central,11-05-2026,11:22 AM,58.52,58.75,62.67,65.33,STILL_AVAILABLE,STILL_AVAILABLE,STILL_AVAILABLE,STILL_AVAILABLE,BRAND_AND_OTA
77,stonegate_golf_club_central,07-05-2026,11:22 AM,58.52,58.75,62.67,65.33,SOLD_OUT,SOLD_OUT,SOLD_OUT,SOLD_OUT,SOLD_OUT_EVERYWHERE
78,stonegate_golf_club_central,06-05-2026,11:22 AM,58.52,58.75,62.67,65.33,SOLD_OUT,SOLD_OUT,SOLD_OUT,SOLD_OUT,SOLD_OUT_EVERYWHERE
79,stonegate_golf_club_central,09-05-2026,11:22 AM,72.22,72.42,76.11,79.53,ADDED_AND_SOLD,SOLD_OUT,ADDED_AND_SOLD,ADDED_AND_SOLD,SOLD_OUT_EVERYWHERE
80,stonegate_golf_club_central,05-05-2026,11:22 AM,58.52,58.75,62.67,65.33,SOLD_OUT,SOLD_OUT,SOLD_OUT,SOLD_OUT,SOLD_OUT_EVERYWHERE
81,stonegate_golf_club_central,10-05-2026,11:22 AM,58.52,58.75,62.67,65.33,SOLD_OUT,SOLD_OUT,SOLD_OUT,SOLD_OUT,SOLD_OUT_EVERYWHERE
82,stonegate_golf_club_central,04-05-2026,11:22 AM,58.52,58.75,62.67,65.33,SOLD_OUT,SOLD_OUT,SOLD_OUT,SOLD_OUT,SOLD_OUT_EVERYWHERE
83,stonegate_golf_club_central,08-05-2026,11:22 AM,,72.42,,,NEVER_LISTED,SOLD_OUT,NEVER_LISTED,NEVER_LISTED,SOLD_OUT_EVERYWHERE
84,stonegate_golf_club_central,11-05-2026,11:30 AM,58.52,58.75,62.67,65.33,STILL_AVAILABLE,STILL_AVAILABLE,STILL_AVAILABLE,STILL_AVAILABLE,BRAND_AND_OTA
85,stonegate_golf_club_central,06-05-2026,11:30 AM,58.52,58.75,62.67,65.33,SOLD_OUT,SOLD_OUT,SOLD_OUT,SOLD_OUT,SOLD_OUT_EVERYWHERE
86,stonegate_golf_club_central,09-05-2026,11:30 AM,72.22,72.42,76.11,79.53,SOLD_OUT,ADDED_AND_SOLD,ADDED_AND_SOLD,ADDED_AND_SOLD,SOLD_OUT_EVERYWHERE
87,stonegate_golf_club_central,10-05-2026,11:30 AM,58.52,58.75,62.67,65.33,SOLD_OUT,SOLD_OUT,SOLD_OUT,SOLD_OUT,SOLD_OUT_EVERYWHERE
88,stonegate_golf_club_central,07-05-2026,11:30 AM,58.52,58.75,62.67,65.33,SOLD_OUT,ADDED_AND_SOLD,SOLD_OUT,SOLD_OUT,SOLD_OUT_EVERYWHERE
89,stonegate_golf_club_central,04-05-2026,11:30 AM,58.52,58.75,62.67,65.33,SOLD_OUT,SOLD_OUT,SOLD_OUT,SOLD_OUT,SOLD_OUT_EVERYWHERE
90,stonegate_golf_club_central,05-05-2026,11:30 AM,58.52,58.75,62.67,65.33,SOLD_OUT,SOLD_OUT,SOLD_OUT,SOLD_OUT,SOLD_OUT_EVERYWHERE
91,stonegate_golf_club_central,10-05-2026,11:37 AM,58.52,58.75,62.67,65.33,SOLD_OUT,SOLD_OUT,SOLD_OUT,SOLD_OUT,SOLD_OUT_EVERYWHERE
92,stonegate_golf_club_central,06-05-2026,11:37 AM,58.52,58.75,62.67,65.33,SOLD_OUT,SOLD_OUT,SOLD_OUT,SOLD_OUT,SOLD_OUT_EVERYWHERE
93,stonegate_golf_club_central,07-05-2026,11:37 AM,58.52,58.75,62.67,65.33,SOLD_OUT,SOLD_OUT,SOLD_OUT,SOLD_OUT,SOLD_OUT_EVERYWHERE
94,stonegate_golf_club_central,04-05-2026,11:37 AM,58.52,58.75,62.67,65.33,SOLD_OUT,SOLD_OUT,SOLD_OUT,SOLD_OUT,SOLD_OUT_EVERYWHERE
95,stonegate_golf_club_central,11-05-2026,11:37 AM,58.52,58.75,62.67,65.33,STILL_AVAILABLE,STILL_AVAILABLE,STILL_AVAILABLE,STILL_AVAILABLE,BRAND_AND_OTA
96,stonegate_golf_club_central,05-05-2026,11:37 AM,58.52,58.75,62.67,65.33,SOLD_OUT,SOLD_OUT,SOLD_OUT,SOLD_OUT,SOLD_OUT_EVERYWHERE
97,stonegate_golf_club_central,09-05-2026,11:37 AM,72.22,72.42,76.11,79.53,SOLD_OUT,SOLD_OUT,SOLD_OUT,SOLD_OUT,SOLD_OUT_EVERYWHERE
98,stonegate_golf_club_central,11-05-2026,11:45 AM,58.52,58.75,62.67,65.33,STILL_AVAILABLE,STILL_AVAILABLE,STILL_AVAILABLE,STILL_AVAILABLE,BRAND_AND_OTA
99,stonegate_golf_club_central,10-05-2026,11:45 AM,58.52,58.75,62.67,65.33,ADDED_AND_SOLD,SOLD_OUT,SOLD_OUT,SOLD_OUT,SOLD_OUT_EVERYWHERE
100,stonegate_golf_club_central,05-05-2026,11:45 AM,58.52,58.75,62.67,65.33,SOLD_OUT,SOLD_OUT,SOLD_OUT,SOLD_OUT,SOLD_OUT_EVERYWHERE
101,stonegate_golf_club_central,06-05-2026,11:45 AM,58.52,58.75,62.67,65.33,SOLD_OUT,SOLD_OUT,SOLD_OUT,SOLD_OUT,SOLD_OUT_EVERYWHERE
102,stonegate_golf_club_central,04-05-2026,11:45 AM,58.52,58.75,62.67,65.33,SOLD_OUT,SOLD_OUT,SOLD_OUT,SOLD_OUT,SOLD_OUT_EVERYWHERE
103,stonegate_golf_club_central,07-05-2026,11:45 AM,58.52,58.75,62.67,65.33,ADDED_AND_SOLD,SOLD_OUT,ADDED_AND_SOLD,ADDED_AND_SOLD,SOLD_OUT_EVERYWHERE
104,stonegate_golf_club_central,09-05-2026,11:45 AM,72.22,72.42,76.11,79.53,SOLD_OUT,SOLD_OUT,SOLD_OUT,SOLD_OUT,SOLD_OUT_EVERYWHERE
105,stonegate_golf_club_central,08-05-2026,11:45 AM,,72.42,,,NEVER_LISTED,SOLD_OUT,NEVER_LISTED,NEVER_LISTED,SOLD_OUT_EVERYWHERE
106,stonegate_golf_club_central,11-05-2026,11:52 AM,58.52,44.01,50.25,65.33,SOLD_OUT,STILL_AVAILABLE,STILL_AVAILABLE,STILL_AVAILABLE,OTA_ONLY
107,stonegate_golf_club_central,10-05-2026,11:52 AM,58.52,45.06,51.29,65.33,ADDED_AND_SOLD,SOLD_OUT,SOLD_OUT,SOLD_OUT,SOLD_OUT_EVERYWHERE
108,stonegate_golf_club_central,05-05-2026,11:52 AM,58.52,37.7,44.05,65.33,SOLD_OUT,SOLD_OUT,SOLD_OUT,SOLD_OUT,SOLD_OUT_EVERYWHERE
109,stonegate_golf_club_central,09-05-2026,11:52 AM,72.22,64,69.89,79.53,SOLD_OUT,SOLD_OUT,SOLD_OUT,SOLD_OUT,SOLD_OUT_EVERYWHERE
110,stonegate_golf_club_central,08-05-2026,11:52 AM,,59.79,,,NEVER_LISTED,SOLD_OUT,NEVER_LISTED,NEVER_LISTED,SOLD_OUT_EVERYWHERE
111,stonegate_golf_club_central,04-05-2026,11:52 AM,,29.28,35.78,65.33,NEVER_LISTED,SOLD_OUT,SOLD_OUT,SOLD_OUT,SOLD_OUT_EVERYWHERE
112,stonegate_golf_club_central,06-05-2026,11:52 AM,58.52,37.7,44.05,65.33,ADDED_AND_SOLD,SOLD_OUT,SOLD_OUT,SOLD_OUT,SOLD_OUT_EVERYWHERE
113,stonegate_golf_club_central,07-05-2026,11:52 AM,,50.32,,,NEVER_LISTED,SOLD_OUT,NEVER_LISTED,NEVER_LISTED,SOLD_OUT_EVERYWHERE
114,stonegate_golf_club_central,11-05-2026,12:00 PM,58.52,58.75,62.67,65.33,STILL_AVAILABLE,STILL_AVAILABLE,STILL_AVAILABLE,STILL_AVAILABLE,BRAND_AND_OTA
115,stonegate_golf_club_central,10-05-2026,12:00 PM,58.52,58.75,62.67,65.33,ADDED_AND_SOLD,SOLD_OUT,SOLD_OUT,SOLD_OUT,SOLD_OUT_EVERYWHERE
116,stonegate_golf_club_central,04-05-2026,12:00 PM,58.52,58.75,62.67,65.33,SOLD_OUT,SOLD_OUT,SOLD_OUT,SOLD_OUT,SOLD_OUT_EVERYWHERE
117,stonegate_golf_club_central,06-05-2026,12:00 PM,58.52,58.75,62.67,65.33,ADDED_AND_SOLD,SOLD_OUT,SOLD_OUT,SOLD_OUT,SOLD_OUT_EVERYWHERE
118,stonegate_golf_club_central,08-05-2026,12:00 PM,72.22,72.42,76.11,79.53,ADDED_AND_SOLD,SOLD_OUT,ADDED_AND_SOLD,ADDED_AND_SOLD,SOLD_OUT_EVERYWHERE
119,stonegate_golf_club_central,09-05-2026,12:00 PM,72.22,72.42,76.11,79.53,ADDED_AND_SOLD,ADDED_AND_SOLD,ADDED_AND_SOLD,ADDED_AND_SOLD,SOLD_OUT_EVERYWHERE
120,stonegate_golf_club_central,05-05-2026,12:00 PM,58.52,58.75,62.67,65.33,SOLD_OUT,SOLD_OUT,SOLD_OUT,SOLD_OUT,SOLD_OUT_EVERYWHERE
121,stonegate_golf_club_central,07-05-2026,12:00 PM,,58.75,,,NEVER_LISTED,SOLD_OUT,NEVER_LISTED,NEVER_LISTED,SOLD_OUT_EVERYWHERE
122,stonegate_golf_club_central,11-05-2026,12:07 PM,58.52,58.75,62.67,65.33,STILL_AVAILABLE,STILL_AVAILABLE,STILL_AVAILABLE,STILL_AVAILABLE,BRAND_AND_OTA
123,stonegate_golf_club_central,10-05-2026,12:07 PM,58.52,58.75,62.67,65.33,ADDED_AND_SOLD,SOLD_OUT,SOLD_OUT,SOLD_OUT,SOLD_OUT_EVERYWHERE
124,stonegate_golf_club_central,05-05-2026,12:07 PM,58.52,58.75,62.67,65.33,SOLD_OUT,SOLD_OUT,SOLD_OUT,SOLD_OUT,SOLD_OUT_EVERYWHERE
125,stonegate_golf_club_central,07-05-2026,12:07 PM,,58.75,,,NEVER_LISTED,SOLD_OUT,NEVER_LISTED,NEVER_LISTED,SOLD_OUT_EVERYWHERE
126,stonegate_golf_club_central,04-05-2026,12:07 PM,58.52,58.75,62.67,65.33,SOLD_OUT,SOLD_OUT,SOLD_OUT,SOLD_OUT,SOLD_OUT_EVERYWHERE
127,stonegate_golf_club_central,06-05-2026,12:07 PM,58.52,58.75,62.67,65.33,ADDED_AND_SOLD,SOLD_OUT,SOLD_OUT,SOLD_OUT,SOLD_OUT_EVERYWHERE
128,stonegate_golf_club_central,09-05-2026,12:07 PM,72.22,72.42,76.11,79.53,SOLD_OUT,SOLD_OUT,SOLD_OUT,SOLD_OUT,SOLD_OUT_EVERYWHERE
129,stonegate_golf_club_central,08-05-2026,12:07 PM,,72.42,,,NEVER_LISTED,SOLD_OUT,NEVER_LISTED,NEVER_LISTED,SOLD_OUT_EVERYWHERE
130,stonegate_golf_club_central,11-05-2026,12:15 PM,58.52,58.75,62.67,65.33,STILL_AVAILABLE,STILL_AVAILABLE,STILL_AVAILABLE,STILL_AVAILABLE,BRAND_AND_OTA
131,stonegate_golf_club_central,10-05-2026,12:15 PM,58.52,58.75,62.67,65.33,ADDED_AND_SOLD,SOLD_OUT,SOLD_OUT,SOLD_OUT,SOLD_OUT_EVERYWHERE
132,stonegate_golf_club_central,07-05-2026,12:15 PM,58.52,58.75,62.67,65.33,SOLD_OUT,SOLD_OUT,SOLD_OUT,SOLD_OUT,SOLD_OUT_EVERYWHERE
133,stonegate_golf_club_central,06-05-2026,12:15 PM,58.52,58.75,62.67,65.33,ADDED_AND_SOLD,SOLD_OUT,SOLD_OUT,SOLD_OUT,SOLD_OUT_EVERYWHERE
134,stonegate_golf_club_central,04-05-2026,12:15 PM,58.52,58.75,62.67,65.33,SOLD_OUT,SOLD_OUT,SOLD_OUT,SOLD_OUT,SOLD_OUT_EVERYWHERE
135,stonegate_golf_club_central,05-05-2026,12:15 PM,58.52,58.75,62.67,65.33,SOLD_OUT,SOLD_OUT,SOLD_OUT,SOLD_OUT,SOLD_OUT_EVERYWHERE
136,stonegate_golf_club_central,08-05-2026,12:15 PM,,72.42,,,NEVER_LISTED,SOLD_OUT,NEVER_LISTED,NEVER_LISTED,SOLD_OUT_EVERYWHERE
137,stonegate_golf_club_central,09-05-2026,12:15 PM,,72.42,,,NEVER_LISTED,SOLD_OUT,NEVER_LISTED,NEVER_LISTED,SOLD_OUT_EVERYWHERE
138,stonegate_golf_club_central,07-05-2026,12:22 PM,58.52,58.75,62.67,65.33,SOLD_OUT,SOLD_OUT,SOLD_OUT,SOLD_OUT,SOLD_OUT_EVERYWHERE
139,stonegate_golf_club_central,04-05-2026,12:22 PM,58.52,58.75,62.67,65.33,SOLD_OUT,SOLD_OUT,SOLD_OUT,SOLD_OUT,SOLD_OUT_EVERYWHERE
140,stonegate_golf_club_central,06-05-2026,12:22 PM,58.52,58.75,62.67,65.33,ADDED_AND_SOLD,SOLD_OUT,SOLD_OUT,SOLD_OUT,SOLD_OUT_EVERYWHERE
141,stonegate_golf_club_central,09-05-2026,12:22 PM,72.22,72.42,76.11,79.53,SOLD_OUT,SOLD_OUT,SOLD_OUT,SOLD_OUT,SOLD_OUT_EVERYWHERE
142,stonegate_golf_club_central,11-05-2026,12:22 PM,58.52,58.75,62.67,65.33,ADDED_LATER,STILL_AVAILABLE,STILL_AVAILABLE,STILL_AVAILABLE,BRAND_AND_OTA
143,stonegate_golf_club_central,10-05-2026,12:22 PM,58.52,58.75,62.67,65.33,ADDED_AND_SOLD,SOLD_OUT,SOLD_OUT,SOLD_OUT,SOLD_OUT_EVERYWHERE
144,stonegate_golf_club_central,08-05-2026,12:22 PM,72.22,72.42,76.11,79.53,ADDED_AND_SOLD,SOLD_OUT,ADDED_AND_SOLD,ADDED_AND_SOLD,SOLD_OUT_EVERYWHERE
145,stonegate_golf_club_central,05-05-2026,12:22 PM,58.52,58.75,62.67,65.33,SOLD_OUT,SOLD_OUT,SOLD_OUT,SOLD_OUT,SOLD_OUT_EVERYWHERE
146,stonegate_golf_club_central,04-05-2026,12:30 PM,58.52,58.75,62.67,65.33,SOLD_OUT,SOLD_OUT,SOLD_OUT,SOLD_OUT,SOLD_OUT_EVERYWHERE
147,stonegate_golf_club_central,09-05-2026,12:30 PM,72.22,72.42,76.11,79.53,SOLD_OUT,ADDED_AND_SOLD,SOLD_OUT,SOLD_OUT,SOLD_OUT_EVERYWHERE
148,stonegate_golf_club_central,11-05-2026,12:30 PM,58.52,58.75,62.67,65.33,ADDED_LATER,STILL_AVAILABLE,STILL_AVAILABLE,STILL_AVAILABLE,BRAND_AND_OTA
149,stonegate_golf_club_central,07-05-2026,12:30 PM,58.52,58.75,62.67,65.33,SOLD_OUT,SOLD_OUT,SOLD_OUT,SOLD_OUT,SOLD_OUT_EVERYWHERE
150,stonegate_golf_club_central,08-05-2026,12:30 PM,72.22,72.42,76.11,79.53,ADDED_AND_SOLD,ADDED_AND_SOLD,ADDED_AND_SOLD,ADDED_AND_SOLD,SOLD_OUT_EVERYWHERE
151,stonegate_golf_club_central,10-05-2026,12:30 PM,58.52,58.75,62.67,65.33,ADDED_AND_SOLD,SOLD_OUT,SOLD_OUT,SOLD_OUT,SOLD_OUT_EVERYWHERE
152,stonegate_golf_club_central,06-05-2026,12:30 PM,58.52,58.75,62.67,65.33,ADDED_AND_SOLD,SOLD_OUT,SOLD_OUT,SOLD_OUT,SOLD_OUT_EVERYWHERE
153,stonegate_golf_club_central,05-05-2026,12:30 PM,,58.75,,,NEVER_LISTED,SOLD_OUT,NEVER_LISTED,NEVER_LISTED,SOLD_OUT_EVERYWHERE
154,stonegate_golf_club_central,11-05-2026,12:37 PM,58.52,58.75,62.67,65.33,ADDED_LATER,STILL_AVAILABLE,STILL_AVAILABLE,STILL_AVAILABLE,BRAND_AND_OTA
155,stonegate_golf_club_central,10-05-2026,12:37 PM,58.52,58.75,62.67,65.33,ADDED_AND_SOLD,SOLD_OUT,SOLD_OUT,SOLD_OUT,SOLD_OUT_EVERYWHERE
156,stonegate_golf_club_central,08-05-2026,12:37 PM,,72.42,,,NEVER_LISTED,SOLD_OUT,NEVER_LISTED,NEVER_LISTED,SOLD_OUT_EVERYWHERE
157,stonegate_golf_club_central,09-05-2026,12:37 PM,72.22,82.94,86.44,90.46,SOLD_OUT,SOLD_OUT,SOLD_OUT,SOLD_OUT,SOLD_OUT_EVERYWHERE
158,stonegate_golf_club_central,04-05-2026,12:37 PM,58.52,58.75,62.67,65.33,SOLD_OUT,SOLD_OUT,SOLD_OUT,SOLD_OUT,SOLD_OUT_EVERYWHERE
159,stonegate_golf_club_central,07-05-2026,12:37 PM,,58.75,,,NEVER_LISTED,SOLD_OUT,NEVER_LISTED,NEVER_LISTED,SOLD_OUT_EVERYWHERE
160,stonegate_golf_club_central,05-05-2026,12:37 PM,,58.75,,,NEVER_LISTED,SOLD_OUT,NEVER_LISTED,NEVER_LISTED,SOLD_OUT_EVERYWHERE
161,stonegate_golf_club_central,06-05-2026,12:37 PM,58.52,58.75,62.67,65.33,ADDED_AND_SOLD,SOLD_OUT,SOLD_OUT,SOLD_OUT,SOLD_OUT_EVERYWHERE
162,stonegate_golf_club_central,06-05-2026,12:45 PM,58.52,58.75,62.67,65.33,ADDED_AND_SOLD,SOLD_OUT,SOLD_OUT,SOLD_OUT,SOLD_OUT_EVERYWHERE
163,stonegate_golf_club_central,09-05-2026,12:45 PM,72.22,72.42,76.11,79.53,SOLD_OUT,SOLD_OUT,SOLD_OUT,SOLD_OUT,SOLD_OUT_EVERYWHERE
164,stonegate_golf_club_central,05-05-2026,12:45 PM,,58.75,,,NEVER_LISTED,SOLD_OUT,NEVER_LISTED,NEVER_LISTED,SOLD_OUT_EVERYWHERE
165,stonegate_golf_club_central,08-05-2026,12:45 PM,,72.42,,,NEVER_LISTED,SOLD_OUT,NEVER_LISTED,NEVER_LISTED,SOLD_OUT_EVERYWHERE
166,stonegate_golf_club_central,11-05-2026,12:45 PM,58.52,58.75,62.67,65.33,ADDED_LATER,STILL_AVAILABLE,STILL_AVAILABLE,STILL_AVAILABLE,BRAND_AND_OTA
167,stonegate_golf_club_central,10-05-2026,12:45 PM,58.52,58.75,62.67,65.33,ADDED_AND_SOLD,SOLD_OUT,SOLD_OUT,SOLD_OUT,SOLD_OUT_EVERYWHERE
168,stonegate_golf_club_central,04-05-2026,12:45 PM,58.52,58.75,62.67,65.33,SOLD_OUT,SOLD_OUT,SOLD_OUT,SOLD_OUT,SOLD_OUT_EVERYWHERE
169,stonegate_golf_club_central,07-05-2026,12:45 PM,,58.75,,,NEVER_LISTED,SOLD_OUT,NEVER_LISTED,NEVER_LISTED,SOLD_OUT_EVERYWHERE
170,stonegate_golf_club_central,10-05-2026,12:52 PM,58.52,58.75,62.67,65.33,ADDED_AND_SOLD,SOLD_OUT,SOLD_OUT,SOLD_OUT,SOLD_OUT_EVERYWHERE
171,stonegate_golf_club_central,07-05-2026,12:52 PM,58.52,58.75,62.67,65.33,SOLD_OUT,SOLD_OUT,SOLD_OUT,SOLD_OUT,SOLD_OUT_EVERYWHERE
172,stonegate_golf_club_central,06-05-2026,12:52 PM,58.52,58.75,62.67,65.33,ADDED_AND_SOLD,SOLD_OUT,SOLD_OUT,SOLD_OUT,SOLD_OUT_EVERYWHERE
173,stonegate_golf_club_central,04-05-2026,12:52 PM,58.52,58.75,62.67,65.33,SOLD_OUT,SOLD_OUT,SOLD_OUT,SOLD_OUT,SOLD_OUT_EVERYWHERE
174,stonegate_golf_club_central,08-05-2026,12:52 PM,,72.42,,,NEVER_LISTED,SOLD_OUT,NEVER_LISTED,NEVER_LISTED,SOLD_OUT_EVERYWHERE
175,stonegate_golf_club_central,11-05-2026,12:52 PM,58.52,58.75,62.67,65.33,ADDED_LATER,STILL_AVAILABLE,STILL_AVAILABLE,STILL_AVAILABLE,BRAND_AND_OTA
176,stonegate_golf_club_central,09-05-2026,12:52 PM,72.22,72.42,76.11,79.53,SOLD_OUT,SOLD_OUT,SOLD_OUT,SOLD_OUT,SOLD_OUT_EVERYWHERE
177,stonegate_golf_club_central,05-05-2026,12:52 PM,,58.75,,,NEVER_LISTED,SOLD_OUT,NEVER_LISTED,NEVER_LISTED,SOLD_OUT_EVERYWHERE
178,stonegate_golf_club_central,10-05-2026,1:00 PM,58.52,58.75,62.67,65.33,ADDED_AND_SOLD,SOLD_OUT,SOLD_OUT,SOLD_OUT,SOLD_OUT_EVERYWHERE
179,stonegate_golf_club_central,04-05-2026,1:00 PM,58.52,58.75,62.67,65.33,SOLD_OUT,SOLD_OUT,SOLD_OUT,SOLD_OUT,SOLD_OUT_EVERYWHERE
180,stonegate_golf_club_central,07-05-2026,1:00 PM,58.52,58.75,62.67,65.33,SOLD_OUT,SOLD_OUT,SOLD_OUT,SOLD_OUT,SOLD_OUT_EVERYWHERE
181,stonegate_golf_club_central,06-05-2026,1:00 PM,58.52,58.75,62.67,65.33,ADDED_AND_SOLD,SOLD_OUT,SOLD_OUT,SOLD_OUT,SOLD_OUT_EVERYWHERE
182,stonegate_golf_club_central,11-05-2026,1:00 PM,58.52,58.75,62.67,65.33,ADDED_LATER,STILL_AVAILABLE,STILL_AVAILABLE,STILL_AVAILABLE,BRAND_AND_OTA
183,stonegate_golf_club_central,09-05-2026,1:00 PM,72.22,,,,SOLD_OUT,NEVER_LISTED,NEVER_LISTED,NEVER_LISTED,SOLD_OUT_EVERYWHERE
184,stonegate_golf_club_central,05-05-2026,1:00 PM,,58.75,,,NEVER_LISTED,SOLD_OUT,NEVER_LISTED,NEVER_LISTED,SOLD_OUT_EVERYWHERE
185,stonegate_golf_club_central,11-05-2026,1:07 PM,58.52,58.75,62.67,65.33,ADDED_LATER,STILL_AVAILABLE,STILL_AVAILABLE,STILL_AVAILABLE,BRAND_AND_OTA
186,stonegate_golf_club_central,10-05-2026,1:07 PM,58.52,58.75,62.67,65.33,ADDED_AND_SOLD,SOLD_OUT,SOLD_OUT,SOLD_OUT,SOLD_OUT_EVERYWHERE
187,stonegate_golf_club_central,04-05-2026,1:07 PM,58.52,58.75,62.67,65.33,SOLD_OUT,SOLD_OUT,SOLD_OUT,SOLD_OUT,SOLD_OUT_EVERYWHERE
188,stonegate_golf_club_central,05-05-2026,1:07 PM,58.52,58.75,62.67,65.33,ADDED_AND_SOLD,SOLD_OUT,ADDED_AND_SOLD,ADDED_AND_SOLD,SOLD_OUT_EVERYWHERE
189,stonegate_golf_club_central,09-05-2026,1:07 PM,72.22,72.42,76.11,79.53,SOLD_OUT,SOLD_OUT,SOLD_OUT,SOLD_OUT,SOLD_OUT_EVERYWHERE
190,stonegate_golf_club_central,07-05-2026,1:07 PM,58.52,58.75,62.67,65.33,SOLD_OUT,SOLD_OUT,SOLD_OUT,SOLD_OUT,SOLD_OUT_EVERYWHERE
191,stonegate_golf_club_central,06-05-2026,1:07 PM,58.52,58.75,62.67,65.33,ADDED_AND_SOLD,SOLD_OUT,SOLD_OUT,SOLD_OUT,SOLD_OUT_EVERYWHERE
192,stonegate_golf_club_central,08-05-2026,1:07 PM,,72.42,,,NEVER_LISTED,SOLD_OUT,NEVER_LISTED,NEVER_LISTED,SOLD_OUT_EVERYWHERE
193,stonegate_golf_club_central,11-05-2026,1:15 PM,58.52,58.75,62.67,65.33,ADDED_LATER,STILL_AVAILABLE,STILL_AVAILABLE,STILL_AVAILABLE,BRAND_AND_OTA
194,stonegate_golf_club_central,10-05-2026,1:15 PM,58.52,58.75,62.67,65.33,ADDED_AND_SOLD,SOLD_OUT,SOLD_OUT,SOLD_OUT,SOLD_OUT_EVERYWHERE
195,stonegate_golf_club_central,09-05-2026,1:15 PM,72.22,72.42,76.11,79.53,SOLD_OUT,SOLD_OUT,SOLD_OUT,SOLD_OUT,SOLD_OUT_EVERYWHERE
196,stonegate_golf_club_central,07-05-2026,1:15 PM,58.52,58.75,62.67,65.33,SOLD_OUT,SOLD_OUT,SOLD_OUT,SOLD_OUT,SOLD_OUT_EVERYWHERE
197,stonegate_golf_club_central,05-05-2026,1:15 PM,58.52,58.75,62.67,65.33,SOLD_OUT,SOLD_OUT,SOLD_OUT,SOLD_OUT,SOLD_OUT_EVERYWHERE
198,stonegate_golf_club_central,04-05-2026,1:15 PM,58.52,58.75,62.67,65.33,SOLD_OUT,SOLD_OUT,SOLD_OUT,SOLD_OUT,SOLD_OUT_EVERYWHERE
199,stonegate_golf_club_central,06-05-2026,1:15 PM,58.52,58.75,62.67,65.33,ADDED_AND_SOLD,SOLD_OUT,SOLD_OUT,SOLD_OUT,SOLD_OUT_EVERYWHERE
200,stonegate_golf_club_central,08-05-2026,1:15 PM,,72.42,,,NEVER_LISTED,SOLD_OUT,NEVER_LISTED,NEVER_LISTED,SOLD_OUT_EVERYWHERE
201,stonegate_golf_club_central,11-05-2026,1:22 PM,58.52,58.75,62.67,65.33,ADDED_LATER,STILL_AVAILABLE,STILL_AVAILABLE,STILL_AVAILABLE,BRAND_AND_OTA
202,stonegate_golf_club_central,09-05-2026,1:22 PM,72.22,72.42,76.11,79.53,SOLD_OUT,SOLD_OUT,SOLD_OUT,SOLD_OUT,SOLD_OUT_EVERYWHERE
203,stonegate_golf_club_central,07-05-2026,1:22 PM,,58.75,62.67,65.33,NEVER_LISTED,SOLD_OUT,SOLD_OUT,SOLD_OUT,SOLD_OUT_EVERYWHERE
204,stonegate_golf_club_central,04-05-2026,1:22 PM,58.52,58.75,62.67,65.33,ADDED_AND_SOLD,SOLD_OUT,SOLD_OUT,SOLD_OUT,SOLD_OUT_EVERYWHERE
205,stonegate_golf_club_central,06-05-2026,1:22 PM,58.52,58.75,62.67,65.33,ADDED_AND_SOLD,SOLD_OUT,SOLD_OUT,SOLD_OUT,SOLD_OUT_EVERYWHERE
206,stonegate_golf_club_central,10-05-2026,1:22 PM,58.52,58.75,62.67,65.33,ADDED_AND_SOLD,SOLD_OUT,SOLD_OUT,SOLD_OUT,SOLD_OUT_EVERYWHERE
207,stonegate_golf_club_central,05-05-2026,1:22 PM,58.52,58.75,62.67,65.33,SOLD_OUT,SOLD_OUT,SOLD_OUT,SOLD_OUT,SOLD_OUT_EVERYWHERE
208,stonegate_golf_club_central,08-05-2026,1:22 PM,,72.42,,,NEVER_LISTED,SOLD_OUT,NEVER_LISTED,NEVER_LISTED,SOLD_OUT_EVERYWHERE
209,stonegate_golf_club_central,11-05-2026,1:30 PM,58.52,58.75,62.67,65.33,ADDED_LATER,STILL_AVAILABLE,STILL_AVAILABLE,STILL_AVAILABLE,BRAND_AND_OTA
210,stonegate_golf_club_central,10-05-2026,1:30 PM,58.52,58.75,62.67,65.33,ADDED_AND_SOLD,SOLD_OUT,SOLD_OUT,SOLD_OUT,SOLD_OUT_EVERYWHERE
211,stonegate_golf_club_central,04-05-2026,1:30 PM,58.52,58.75,62.67,65.33,ADDED_AND_SOLD,SOLD_OUT,SOLD_OUT,SOLD_OUT,SOLD_OUT_EVERYWHERE
212,stonegate_golf_club_central,06-05-2026,1:30 PM,,58.75,62.67,65.33,NEVER_LISTED,SOLD_OUT,SOLD_OUT,SOLD_OUT,SOLD_OUT_EVERYWHERE
213,stonegate_golf_club_central,09-05-2026,1:30 PM,72.22,72.42,76.11,79.53,ADDED_AND_SOLD,ADDED_AND_SOLD,ADDED_AND_SOLD,ADDED_AND_SOLD,SOLD_OUT_EVERYWHERE
214,stonegate_golf_club_central,05-05-2026,1:30 PM,58.52,58.75,62.67,65.33,SOLD_OUT,SOLD_OUT,SOLD_OUT,SOLD_OUT,SOLD_OUT_EVERYWHERE
215,stonegate_golf_club_central,07-05-2026,1:30 PM,58.52,58.75,62.67,65.33,SOLD_OUT,SOLD_OUT,SOLD_OUT,SOLD_OUT,SOLD_OUT_EVERYWHERE
216,stonegate_golf_club_central,08-05-2026,1:30 PM,,72.42,,,NEVER_LISTED,ADDED_AND_SOLD,NEVER_LISTED,NEVER_LISTED,SOLD_OUT_EVERYWHERE
217,stonegate_golf_club_central,11-05-2026,1:37 PM,58.52,58.75,62.67,65.33,ADDED_LATER,STILL_AVAILABLE,STILL_AVAILABLE,STILL_AVAILABLE,BRAND_AND_OTA
218,stonegate_golf_club_central,10-05-2026,1:37 PM,58.52,58.75,62.67,65.33,ADDED_AND_SOLD,SOLD_OUT,SOLD_OUT,SOLD_OUT,SOLD_OUT_EVERYWHERE
219,stonegate_golf_club_central,09-05-2026,1:37 PM,72.22,72.42,76.11,79.53,SOLD_OUT,SOLD_OUT,SOLD_OUT,SOLD_OUT,SOLD_OUT_EVERYWHERE
220,stonegate_golf_club_central,04-05-2026,1:37 PM,58.52,58.75,62.67,65.33,ADDED_AND_SOLD,SOLD_OUT,SOLD_OUT,SOLD_OUT,SOLD_OUT_EVERYWHERE
221,stonegate_golf_club_central,07-05-2026,1:37 PM,58.52,58.75,62.67,65.33,SOLD_OUT,SOLD_OUT,SOLD_OUT,SOLD_OUT,SOLD_OUT_EVERYWHERE
222,stonegate_golf_club_central,05-05-2026,1:37 PM,58.52,58.75,62.67,65.33,SOLD_OUT,SOLD_OUT,SOLD_OUT,SOLD_OUT,SOLD_OUT_EVERYWHERE
223,stonegate_golf_club_central,08-05-2026,1:37 PM,,72.42,,,NEVER_LISTED,SOLD_OUT,NEVER_LISTED,NEVER_LISTED,SOLD_OUT_EVERYWHERE
224,stonegate_golf_club_central,06-05-2026,1:37 PM,58.52,58.75,62.67,65.33,ADDED_AND_SOLD,SOLD_OUT,SOLD_OUT,SOLD_OUT,SOLD_OUT_EVERYWHERE
225,stonegate_golf_club_central,11-05-2026,1:45 PM,58.52,58.75,62.67,65.33,ADDED_LATER,STILL_AVAILABLE,STILL_AVAILABLE,STILL_AVAILABLE,BRAND_AND_OTA
226,stonegate_golf_club_central,10-05-2026,1:45 PM,58.52,58.75,62.67,65.33,ADDED_AND_SOLD,SOLD_OUT,SOLD_OUT,SOLD_OUT,SOLD_OUT_EVERYWHERE
227,stonegate_golf_club_central,09-05-2026,1:45 PM,72.22,72.42,76.11,79.53,SOLD_OUT,SOLD_OUT,SOLD_OUT,SOLD_OUT,SOLD_OUT_EVERYWHERE
228,stonegate_golf_club_central,07-05-2026,1:45 PM,58.52,58.75,62.67,65.33,SOLD_OUT,SOLD_OUT,SOLD_OUT,SOLD_OUT,SOLD_OUT_EVERYWHERE
229,stonegate_golf_club_central,04-05-2026,1:45 PM,58.52,58.75,62.67,65.33,ADDED_AND_SOLD,SOLD_OUT,SOLD_OUT,SOLD_OUT,SOLD_OUT_EVERYWHERE
230,stonegate_golf_club_central,06-05-2026,1:45 PM,58.52,58.75,62.67,65.33,ADDED_AND_SOLD,SOLD_OUT,SOLD_OUT,SOLD_OUT,SOLD_OUT_EVERYWHERE
231,stonegate_golf_club_central,05-05-2026,1:45 PM,58.52,58.75,62.67,65.33,SOLD_OUT,SOLD_OUT,SOLD_OUT,SOLD_OUT,SOLD_OUT_EVERYWHERE
232,stonegate_golf_club_central,08-05-2026,1:45 PM,72.22,72.42,82.31,79.53,ADDED_AND_SOLD,SOLD_OUT,SOLD_OUT,SOLD_OUT,SOLD_OUT_EVERYWHERE
233,stonegate_golf_club_central,11-05-2026,1:52 PM,58.52,58.75,62.67,65.33,ADDED_LATER,STILL_AVAILABLE,STILL_AVAILABLE,STILL_AVAILABLE,BRAND_AND_OTA
234,stonegate_golf_club_central,09-05-2026,1:52 PM,72.22,72.42,76.11,79.53,SOLD_OUT,SOLD_OUT,SOLD_OUT,SOLD_OUT,SOLD_OUT_EVERYWHERE
235,stonegate_golf_club_central,07-05-2026,1:52 PM,58.52,58.75,62.67,65.33,SOLD_OUT,SOLD_OUT,SOLD_OUT,SOLD_OUT,SOLD_OUT_EVERYWHERE
236,stonegate_golf_club_central,05-05-2026,1:52 PM,58.52,58.75,62.67,65.33,SOLD_OUT,SOLD_OUT,SOLD_OUT,SOLD_OUT,SOLD_OUT_EVERYWHERE
237,stonegate_golf_club_central,06-05-2026,1:52 PM,58.52,58.75,62.67,65.33,ADDED_AND_SOLD,SOLD_OUT,SOLD_OUT,SOLD_OUT,SOLD_OUT_EVERYWHERE
238,stonegate_golf_club_central,04-05-2026,1:52 PM,58.52,58.75,62.67,65.33,ADDED_AND_SOLD,SOLD_OUT,SOLD_OUT,SOLD_OUT,SOLD_OUT_EVERYWHERE
239,stonegate_golf_club_central,08-05-2026,1:52 PM,72.22,72.42,82.31,79.53,SOLD_OUT,SOLD_OUT,SOLD_OUT,SOLD_OUT,SOLD_OUT_EVERYWHERE
240,stonegate_golf_club_central,10-05-2026,1:52 PM,58.52,58.75,62.67,65.33,ADDED_AND_SOLD,SOLD_OUT,SOLD_OUT,SOLD_OUT,SOLD_OUT_EVERYWHERE
241,stonegate_golf_club_central,11-05-2026,2:00 PM,44.82,45.07,49.23,51.12,ADDED_LATER,STILL_AVAILABLE,STILL_AVAILABLE,STILL_AVAILABLE,BRAND_AND_OTA
242,stonegate_golf_club_central,09-05-2026,2:00 PM,54.31,,,,SOLD_OUT,NEVER_LISTED,NEVER_LISTED,NEVER_LISTED,SOLD_OUT_EVERYWHERE
243,stonegate_golf_club_central,10-05-2026,2:00 PM,,45.07,49.23,51.12,NEVER_LISTED,SOLD_OUT,SOLD_OUT,SOLD_OUT,SOLD_OUT_EVERYWHERE
244,stonegate_golf_club_central,08-05-2026,2:00 PM,54.31,72.42,76.11,79.53,SOLD_OUT,ADDED_AND_SOLD,SOLD_OUT,SOLD_OUT,SOLD_OUT_EVERYWHERE
245,stonegate_golf_club_central,05-05-2026,2:00 PM,,45.07,,,NEVER_LISTED,SOLD_OUT,NEVER_LISTED,NEVER_LISTED,SOLD_OUT_EVERYWHERE
246,stonegate_golf_club_central,06-05-2026,2:00 PM,44.82,45.07,49.23,51.12,ADDED_AND_SOLD,SOLD_OUT,SOLD_OUT,SOLD_OUT,SOLD_OUT_EVERYWHERE
247,stonegate_golf_club_central,07-05-2026,2:00 PM,44.82,45.07,49.23,51.12,SOLD_OUT,SOLD_OUT,SOLD_OUT,SOLD_OUT,SOLD_OUT_EVERYWHERE
248,stonegate_golf_club_central,04-05-2026,2:00 PM,44.82,45.07,49.23,51.12,ADDED_AND_SOLD,SOLD_OUT,SOLD_OUT,ADDED_AND_SOLD,SOLD_OUT_EVERYWHERE
249,stonegate_golf_club_central,10-05-2026,2:07 PM,44.82,58.75,62.67,65.33,ADDED_AND_SOLD,SOLD_OUT,SOLD_OUT,SOLD_OUT,SOLD_OUT_EVERYWHERE
250,stonegate_golf_club_central,05-05-2026,2:07 PM,44.82,58.75,62.67,65.33,ADDED_AND_SOLD,SOLD_OUT,SOLD_OUT,SOLD_OUT,SOLD_OUT_EVERYWHERE
251,stonegate_golf_club_central,06-05-2026,2:07 PM,44.82,45.07,49.23,51.12,ADDED_AND_SOLD,SOLD_OUT,SOLD_OUT,SOLD_OUT,SOLD_OUT_EVERYWHERE
252,stonegate_golf_club_central,11-05-2026,2:07 PM,44.82,58.75,62.67,65.33,ADDED_LATER,STILL_AVAILABLE,STILL_AVAILABLE,STILL_AVAILABLE,BRAND_AND_OTA
253,stonegate_golf_club_central,09-05-2026,2:07 PM,54.31,54.54,58.53,60.95,ADDED_AND_SOLD,SOLD_OUT,SOLD_OUT,SOLD_OUT,SOLD_OUT_EVERYWHERE
254,stonegate_golf_club_central,08-05-2026,2:07 PM,54.31,54.54,58.53,60.95,SOLD_OUT,SOLD_OUT,SOLD_OUT,SOLD_OUT,SOLD_OUT_EVERYWHERE
255,stonegate_golf_club_central,07-05-2026,2:07 PM,44.82,58.75,62.67,65.33,SOLD_OUT,SOLD_OUT,SOLD_OUT,SOLD_OUT,SOLD_OUT_EVERYWHERE
256,stonegate_golf_club_central,04-05-2026,2:07 PM,,45.07,,,NEVER_LISTED,SOLD_OUT,NEVER_LISTED,NEVER_LISTED,SOLD_OUT_EVERYWHERE
257,stonegate_golf_club_central,06-05-2026,2:15 PM,44.82,45.07,49.23,51.12,ADDED_AND_SOLD,SOLD_OUT,SOLD_OUT,SOLD_OUT,SOLD_OUT_EVERYWHERE
258,stonegate_golf_club_central,05-05-2026,2:15 PM,44.82,45.07,49.23,51.12,ADDED_AND_SOLD,SOLD_OUT,SOLD_OUT,SOLD_OUT,SOLD_OUT_EVERYWHERE
259,stonegate_golf_club_central,07-05-2026,2:15 PM,44.82,45.07,49.23,51.12,SOLD_OUT,SOLD_OUT,SOLD_OUT,SOLD_OUT,SOLD_OUT_EVERYWHERE
260,stonegate_golf_club_central,04-05-2026,2:15 PM,44.82,45.07,49.23,51.12,ADDED_AND_SOLD,SOLD_OUT,SOLD_OUT,SOLD_OUT,SOLD_OUT_EVERYWHERE
261,stonegate_golf_club_central,10-05-2026,2:15 PM,44.82,45.07,49.23,51.12,ADDED_AND_SOLD,SOLD_OUT,SOLD_OUT,SOLD_OUT,SOLD_OUT_EVERYWHERE
262,stonegate_golf_club_central,09-05-2026,2:15 PM,54.31,54.54,58.53,60.95,ADDED_AND_SOLD,SOLD_OUT,SOLD_OUT,SOLD_OUT,SOLD_OUT_EVERYWHERE
263,stonegate_golf_club_central,11-05-2026,2:15 PM,44.82,45.07,49.23,51.12,ADDED_LATER,STILL_AVAILABLE,STILL_AVAILABLE,STILL_AVAILABLE,BRAND_AND_OTA
264,stonegate_golf_club_central,08-05-2026,2:15 PM,,54.54,,,NEVER_LISTED,SOLD_OUT,NEVER_LISTED,NEVER_LISTED,SOLD_OUT_EVERYWHERE
265,stonegate_golf_club_central,11-05-2026,2:22 PM,44.82,58.75,62.67,65.33,ADDED_LATER,STILL_AVAILABLE,STILL_AVAILABLE,STILL_AVAILABLE,BRAND_AND_OTA
266,stonegate_golf_club_central,09-05-2026,2:22 PM,54.31,54.54,58.53,60.95,ADDED_AND_SOLD,SOLD_OUT,SOLD_OUT,SOLD_OUT,SOLD_OUT_EVERYWHERE
267,stonegate_golf_club_central,06-05-2026,2:22 PM,44.82,45.07,49.23,51.12,ADDED_AND_SOLD,SOLD_OUT,SOLD_OUT,SOLD_OUT,SOLD_OUT_EVERYWHERE
268,stonegate_golf_club_central,05-05-2026,2:22 PM,44.82,58.75,62.67,65.33,ADDED_AND_SOLD,SOLD_OUT,SOLD_OUT,SOLD_OUT,SOLD_OUT_EVERYWHERE
269,stonegate_golf_club_central,08-05-2026,2:22 PM,54.31,54.54,58.53,60.95,SOLD_OUT,SOLD_OUT,SOLD_OUT,SOLD_OUT,SOLD_OUT_EVERYWHERE
270,stonegate_golf_club_central,07-05-2026,2:22 PM,44.82,58.75,62.67,65.33,ADDED_AND_SOLD,SOLD_OUT,SOLD_OUT,SOLD_OUT,SOLD_OUT_EVERYWHERE
271,stonegate_golf_club_central,04-05-2026,2:22 PM,44.82,45.07,49.23,51.12,ADDED_AND_SOLD,SOLD_OUT,SOLD_OUT,SOLD_OUT,SOLD_OUT_EVERYWHERE
272,stonegate_golf_club_central,10-05-2026,2:22 PM,44.82,58.75,62.67,65.33,ADDED_AND_SOLD,SOLD_OUT,SOLD_OUT,SOLD_OUT,SOLD_OUT_EVERYWHERE
273,stonegate_golf_club_central,10-05-2026,2:30 PM,44.82,45.07,49.23,51.12,ADDED_AND_SOLD,SOLD_OUT,SOLD_OUT,SOLD_OUT,SOLD_OUT_EVERYWHERE
274,stonegate_golf_club_central,07-05-2026,2:30 PM,,45.07,49.23,51.12,NEVER_LISTED,SOLD_OUT,SOLD_OUT,SOLD_OUT,SOLD_OUT_EVERYWHERE
275,stonegate_golf_club_central,08-05-2026,2:30 PM,54.31,54.54,58.53,60.95,SOLD_OUT,ADDED_AND_SOLD,ADDED_AND_SOLD,ADDED_AND_SOLD,SOLD_OUT_EVERYWHERE
276,stonegate_golf_club_central,05-05-2026,2:30 PM,44.82,45.07,49.23,51.12,ADDED_AND_SOLD,SOLD_OUT,SOLD_OUT,SOLD_OUT,SOLD_OUT_EVERYWHERE
277,stonegate_golf_club_central,11-05-2026,2:30 PM,,45.07,49.23,51.12,NEVER_LISTED,STILL_AVAILABLE,STILL_AVAILABLE,STILL_AVAILABLE,OTA_ONLY
278,stonegate_golf_club_central,09-05-2026,2:30 PM,54.31,54.54,58.53,60.95,ADDED_AND_SOLD,ADDED_AND_SOLD,ADDED_AND_SOLD,ADDED_AND_SOLD,SOLD_OUT_EVERYWHERE
279,stonegate_golf_club_central,04-05-2026,2:30 PM,44.82,45.07,49.23,51.12,ADDED_AND_SOLD,SOLD_OUT,SOLD_OUT,SOLD_OUT,SOLD_OUT_EVERYWHERE
280,stonegate_golf_club_central,06-05-2026,2:30 PM,44.82,45.07,49.23,51.12,ADDED_AND_SOLD,SOLD_OUT,SOLD_OUT,SOLD_OUT,SOLD_OUT_EVERYWHERE
281,stonegate_golf_club_central,09-05-2026,2:37 PM,54.31,54.54,58.53,60.95,ADDED_AND_SOLD,SOLD_OUT,SOLD_OUT,SOLD_OUT,SOLD_OUT_EVERYWHERE
282,stonegate_golf_club_central,07-05-2026,2:37 PM,44.82,45.07,49.23,51.12,ADDED_AND_SOLD,SOLD_OUT,SOLD_OUT,SOLD_OUT,SOLD_OUT_EVERYWHERE
283,stonegate_golf_club_central,06-05-2026,2:37 PM,44.82,45.07,49.23,51.12,ADDED_AND_SOLD,SOLD_OUT,SOLD_OUT,SOLD_OUT,SOLD_OUT_EVERYWHERE
284,stonegate_golf_club_central,05-05-2026,2:37 PM,44.82,45.07,49.23,51.12,ADDED_AND_SOLD,SOLD_OUT,SOLD_OUT,SOLD_OUT,SOLD_OUT_EVERYWHERE
285,stonegate_golf_club_central,11-05-2026,2:37 PM,,45.07,49.23,51.12,NEVER_LISTED,STILL_AVAILABLE,STILL_AVAILABLE,STILL_AVAILABLE,OTA_ONLY
286,stonegate_golf_club_central,04-05-2026,2:37 PM,44.82,45.07,49.23,51.12,ADDED_AND_SOLD,SOLD_OUT,SOLD_OUT,SOLD_OUT,SOLD_OUT_EVERYWHERE
287,stonegate_golf_club_central,08-05-2026,2:37 PM,54.31,54.54,58.53,60.95,SOLD_OUT,SOLD_OUT,SOLD_OUT,SOLD_OUT,SOLD_OUT_EVERYWHERE
288,stonegate_golf_club_central,10-05-2026,2:37 PM,44.82,45.07,49.23,51.12,ADDED_AND_SOLD,SOLD_OUT,SOLD_OUT,SOLD_OUT,SOLD_OUT_EVERYWHERE
289,stonegate_golf_club_central,11-05-2026,2:45 PM,,45.07,49.23,51.12,NEVER_LISTED,STILL_AVAILABLE,STILL_AVAILABLE,STILL_AVAILABLE,OTA_ONLY
290,stonegate_golf_club_central,10-05-2026,2:45 PM,44.82,45.07,49.23,51.12,ADDED_AND_SOLD,SOLD_OUT,SOLD_OUT,SOLD_OUT,SOLD_OUT_EVERYWHERE
291,stonegate_golf_club_central,09-05-2026,2:45 PM,54.31,54.54,58.53,60.95,ADDED_AND_SOLD,SOLD_OUT,SOLD_OUT,SOLD_OUT,SOLD_OUT_EVERYWHERE
292,stonegate_golf_club_central,07-05-2026,2:45 PM,44.82,45.07,49.23,51.12,ADDED_AND_SOLD,SOLD_OUT,SOLD_OUT,SOLD_OUT,SOLD_OUT_EVERYWHERE
293,stonegate_golf_club_central,04-05-2026,2:45 PM,44.82,45.07,49.23,51.12,ADDED_AND_SOLD,SOLD_OUT,SOLD_OUT,SOLD_OUT,SOLD_OUT_EVERYWHERE
294,stonegate_golf_club_central,08-05-2026,2:45 PM,54.31,54.54,58.53,60.95,SOLD_OUT,SOLD_OUT,SOLD_OUT,SOLD_OUT,SOLD_OUT_EVERYWHERE
295,stonegate_golf_club_central,05-05-2026,2:45 PM,44.82,45.07,49.23,51.12,ADDED_AND_SOLD,SOLD_OUT,SOLD_OUT,SOLD_OUT,SOLD_OUT_EVERYWHERE
296,stonegate_golf_club_central,06-05-2026,2:45 PM,44.82,45.07,49.23,51.12,ADDED_AND_SOLD,SOLD_OUT,SOLD_OUT,SOLD_OUT,SOLD_OUT_EVERYWHERE
297,stonegate_golf_club_central,11-05-2026,2:52 PM,,45.07,49.23,51.12,NEVER_LISTED,STILL_AVAILABLE,STILL_AVAILABLE,STILL_AVAILABLE,OTA_ONLY
298,stonegate_golf_club_central,10-05-2026,2:52 PM,44.82,45.07,49.23,51.12,ADDED_AND_SOLD,SOLD_OUT,SOLD_OUT,SOLD_OUT,SOLD_OUT_EVERYWHERE
299,stonegate_golf_club_central,05-05-2026,2:52 PM,44.82,45.07,49.23,51.12,ADDED_AND_SOLD,SOLD_OUT,SOLD_OUT,SOLD_OUT,SOLD_OUT_EVERYWHERE
300,stonegate_golf_club_central,04-05-2026,2:52 PM,44.82,45.07,49.23,51.12,ADDED_AND_SOLD,SOLD_OUT,SOLD_OUT,SOLD_OUT,SOLD_OUT_EVERYWHERE
301,stonegate_golf_club_central,08-05-2026,2:52 PM,54.31,58.75,62.67,65.33,SOLD_OUT,ADDED_AND_SOLD,ADDED_AND_SOLD,ADDED_AND_SOLD,SOLD_OUT_EVERYWHERE
302,stonegate_golf_club_central,09-05-2026,2:52 PM,54.31,,,,ADDED_AND_SOLD,NEVER_LISTED,NEVER_LISTED,NEVER_LISTED,SOLD_OUT_EVERYWHERE
303,stonegate_golf_club_central,07-05-2026,2:52 PM,44.82,45.07,49.23,51.12,ADDED_AND_SOLD,SOLD_OUT,SOLD_OUT,SOLD_OUT,SOLD_OUT_EVERYWHERE
304,stonegate_golf_club_central,06-05-2026,2:52 PM,44.82,45.07,49.23,51.12,ADDED_AND_SOLD,SOLD_OUT,SOLD_OUT,SOLD_OUT,SOLD_OUT_EVERYWHERE
305,stonegate_golf_club_central,10-05-2026,3:00 PM,34.28,34.55,38.89,40.19,ADDED_AND_SOLD,SOLD_OUT,SOLD_OUT,SOLD_OUT,SOLD_OUT_EVERYWHERE
306,stonegate_golf_club_central,04-05-2026,3:00 PM,34.28,34.55,38.89,40.19,ADDED_AND_SOLD,SOLD_OUT,SOLD_OUT,SOLD_OUT,SOLD_OUT_EVERYWHERE
307,stonegate_golf_club_central,06-05-2026,3:00 PM,34.28,34.55,38.89,40.19,ADDED_AND_SOLD,SOLD_OUT,SOLD_OUT,SOLD_OUT,SOLD_OUT_EVERYWHERE
308,stonegate_golf_club_central,08-05-2026,3:00 PM,36.39,54.54,58.53,60.95,SOLD_OUT,SOLD_OUT,SOLD_OUT,SOLD_OUT,SOLD_OUT_EVERYWHERE
309,stonegate_golf_club_central,11-05-2026,3:00 PM,,34.55,38.89,40.19,NEVER_LISTED,STILL_AVAILABLE,STILL_AVAILABLE,STILL_AVAILABLE,OTA_ONLY
310,stonegate_golf_club_central,09-05-2026,3:00 PM,36.39,54.54,58.53,60.95,ADDED_AND_SOLD,SOLD_OUT,SOLD_OUT,SOLD_OUT,SOLD_OUT_EVERYWHERE
311,stonegate_golf_club_central,07-05-2026,3:00 PM,34.28,34.55,38.89,40.19,ADDED_AND_SOLD,SOLD_OUT,SOLD_OUT,SOLD_OUT,SOLD_OUT_EVERYWHERE
312,stonegate_golf_club_central,05-05-2026,3:00 PM,34.28,34.55,38.89,40.19,ADDED_AND_SOLD,SOLD_OUT,SOLD_OUT,SOLD_OUT,SOLD_OUT_EVERYWHERE
313,stonegate_golf_club_central,09-05-2026,3:07 PM,36.39,36.66,40.96,42.37,ADDED_AND_SOLD,SOLD_OUT,SOLD_OUT,SOLD_OUT,SOLD_OUT_EVERYWHERE
314,stonegate_golf_club_central,08-05-2026,3:07 PM,36.39,36.66,40.96,42.37,SOLD_OUT,SOLD_OUT,SOLD_OUT,SOLD_OUT,SOLD_OUT_EVERYWHERE
315,stonegate_golf_club_central,05-05-2026,3:07 PM,34.28,34.55,38.89,40.19,ADDED_AND_SOLD,SOLD_OUT,SOLD_OUT,SOLD_OUT,SOLD_OUT_EVERYWHERE
316,stonegate_golf_club_central,07-05-2026,3:07 PM,34.28,34.55,38.89,40.19,ADDED_AND_SOLD,SOLD_OUT,SOLD_OUT,SOLD_OUT,SOLD_OUT_EVERYWHERE
317,stonegate_golf_club_central,06-05-2026,3:07 PM,34.28,34.55,38.89,40.19,ADDED_AND_SOLD,SOLD_OUT,SOLD_OUT,SOLD_OUT,SOLD_OUT_EVERYWHERE
318,stonegate_golf_club_central,10-05-2026,3:07 PM,34.28,34.55,38.89,40.19,ADDED_AND_SOLD,SOLD_OUT,SOLD_OUT,SOLD_OUT,SOLD_OUT_EVERYWHERE
319,stonegate_golf_club_central,11-05-2026,3:07 PM,,34.55,38.89,40.19,NEVER_LISTED,STILL_AVAILABLE,STILL_AVAILABLE,STILL_AVAILABLE,OTA_ONLY
320,stonegate_golf_club_central,04-05-2026,3:07 PM,34.28,34.55,38.89,40.19,ADDED_AND_SOLD,SOLD_OUT,SOLD_OUT,SOLD_OUT,SOLD_OUT_EVERYWHERE
321,stonegate_golf_club_central,11-05-2026,3:15 PM,,34.55,38.89,40.19,NEVER_LISTED,STILL_AVAILABLE,STILL_AVAILABLE,STILL_AVAILABLE,OTA_ONLY
322,stonegate_golf_club_central,10-05-2026,3:15 PM,34.28,34.55,38.89,40.19,ADDED_AND_SOLD,SOLD_OUT,SOLD_OUT,SOLD_OUT,SOLD_OUT_EVERYWHERE
323,stonegate_golf_club_central,09-05-2026,3:15 PM,36.39,36.66,40.96,42.37,ADDED_AND_SOLD,SOLD_OUT,SOLD_OUT,SOLD_OUT,SOLD_OUT_EVERYWHERE
324,stonegate_golf_club_central,07-05-2026,3:15 PM,34.28,34.55,38.89,40.19,ADDED_AND_SOLD,SOLD_OUT,SOLD_OUT,SOLD_OUT,SOLD_OUT_EVERYWHERE
325,stonegate_golf_club_central,05-05-2026,3:15 PM,34.28,34.55,38.89,40.19,ADDED_AND_SOLD,SOLD_OUT,SOLD_OUT,SOLD_OUT,SOLD_OUT_EVERYWHERE
326,stonegate_golf_club_central,04-05-2026,3:15 PM,34.28,34.55,38.89,40.19,ADDED_AND_SOLD,SOLD_OUT,SOLD_OUT,SOLD_OUT,SOLD_OUT_EVERYWHERE
327,stonegate_golf_club_central,06-05-2026,3:15 PM,34.28,34.55,38.89,40.19,ADDED_AND_SOLD,SOLD_OUT,SOLD_OUT,SOLD_OUT,SOLD_OUT_EVERYWHERE
328,stonegate_golf_club_central,08-05-2026,3:15 PM,36.39,36.66,40.96,42.37,SOLD_OUT,SOLD_OUT,SOLD_OUT,SOLD_OUT,SOLD_OUT_EVERYWHERE
329,stonegate_golf_club_central,09-05-2026,3:22 PM,36.39,36.66,40.96,42.37,ADDED_AND_SOLD,SOLD_OUT,SOLD_OUT,SOLD_OUT,SOLD_OUT_EVERYWHERE
330,stonegate_golf_club_central,04-05-2026,3:22 PM,34.28,34.55,38.89,40.19,ADDED_AND_SOLD,SOLD_OUT,SOLD_OUT,SOLD_OUT,SOLD_OUT_EVERYWHERE
331,stonegate_golf_club_central,08-05-2026,3:22 PM,36.39,36.66,40.96,42.37,SOLD_OUT,SOLD_OUT,SOLD_OUT,SOLD_OUT,SOLD_OUT_EVERYWHERE
332,stonegate_golf_club_central,07-05-2026,3:22 PM,34.28,34.55,38.89,40.19,ADDED_AND_SOLD,SOLD_OUT,SOLD_OUT,SOLD_OUT,SOLD_OUT_EVERYWHERE
333,stonegate_golf_club_central,11-05-2026,3:22 PM,,34.55,38.89,40.19,NEVER_LISTED,STILL_AVAILABLE,STILL_AVAILABLE,STILL_AVAILABLE,OTA_ONLY
334,stonegate_golf_club_central,05-05-2026,3:22 PM,34.28,34.55,38.89,40.19,ADDED_AND_SOLD,SOLD_OUT,SOLD_OUT,SOLD_OUT,SOLD_OUT_EVERYWHERE
335,stonegate_golf_club_central,10-05-2026,3:22 PM,34.28,34.55,38.89,40.19,ADDED_AND_SOLD,SOLD_OUT,SOLD_OUT,SOLD_OUT,SOLD_OUT_EVERYWHERE
336,stonegate_golf_club_central,06-05-2026,3:22 PM,34.28,34.55,38.89,40.19,ADDED_AND_SOLD,SOLD_OUT,SOLD_OUT,SOLD_OUT,SOLD_OUT_EVERYWHERE
337,stonegate_golf_club_central,10-05-2026,3:30 PM,34.28,34.55,38.89,40.19,ADDED_AND_SOLD,SOLD_OUT,SOLD_OUT,SOLD_OUT,SOLD_OUT_EVERYWHERE
338,stonegate_golf_club_central,05-05-2026,3:30 PM,34.28,34.55,38.89,40.19,ADDED_AND_SOLD,SOLD_OUT,SOLD_OUT,SOLD_OUT,SOLD_OUT_EVERYWHERE
339,stonegate_golf_club_central,08-05-2026,3:30 PM,36.39,36.66,40.96,42.37,SOLD_OUT,ADDED_AND_SOLD,ADDED_AND_SOLD,ADDED_AND_SOLD,SOLD_OUT_EVERYWHERE
340,stonegate_golf_club_central,07-05-2026,3:30 PM,34.28,34.55,38.89,40.19,ADDED_AND_SOLD,SOLD_OUT,SOLD_OUT,SOLD_OUT,SOLD_OUT_EVERYWHERE
341,stonegate_golf_club_central,04-05-2026,3:30 PM,,34.55,,,NEVER_LISTED,SOLD_OUT,NEVER_LISTED,NEVER_LISTED,SOLD_OUT_EVERYWHERE
342,stonegate_golf_club_central,06-05-2026,3:30 PM,,34.55,,,NEVER_LISTED,SOLD_OUT,NEVER_LISTED,NEVER_LISTED,SOLD_OUT_EVERYWHERE
343,stonegate_golf_club_central,09-05-2026,3:30 PM,36.39,,,,ADDED_AND_SOLD,NEVER_LISTED,NEVER_LISTED,NEVER_LISTED,SOLD_OUT_EVERYWHERE
344,stonegate_golf_club_central,10-05-2026,3:37 PM,34.28,34.55,38.89,40.19,ADDED_AND_SOLD,SOLD_OUT,SOLD_OUT,SOLD_OUT,SOLD_OUT_EVERYWHERE
345,stonegate_golf_club_central,05-05-2026,3:37 PM,34.28,34.55,38.89,40.19,ADDED_AND_SOLD,SOLD_OUT,SOLD_OUT,SOLD_OUT,SOLD_OUT_EVERYWHERE
346,stonegate_golf_club_central,08-05-2026,3:37 PM,36.39,36.66,40.96,42.37,SOLD_OUT,SOLD_OUT,SOLD_OUT,SOLD_OUT,SOLD_OUT_EVERYWHERE
347,stonegate_golf_club_central,09-05-2026,3:37 PM,36.39,36.66,40.96,42.37,ADDED_AND_SOLD,SOLD_OUT,SOLD_OUT,SOLD_OUT,SOLD_OUT_EVERYWHERE
348,stonegate_golf_club_central,07-05-2026,3:37 PM,34.28,34.55,38.89,40.19,ADDED_AND_SOLD,SOLD_OUT,SOLD_OUT,SOLD_OUT,SOLD_OUT_EVERYWHERE
349,stonegate_golf_club_central,04-05-2026,3:37 PM,,34.55,,,NEVER_LISTED,SOLD_OUT,NEVER_LISTED,NEVER_LISTED,SOLD_OUT_EVERYWHERE
350,stonegate_golf_club_central,06-05-2026,3:37 PM,,34.55,,,NEVER_LISTED,SOLD_OUT,NEVER_LISTED,NEVER_LISTED,SOLD_OUT_EVERYWHERE
351,stonegate_golf_club_central,10-05-2026,3:45 PM,34.28,34.55,38.89,40.19,ADDED_LATER,STILL_AVAILABLE,STILL_AVAILABLE,STILL_AVAILABLE,BRAND_AND_OTA
352,stonegate_golf_club_central,05-05-2026,3:45 PM,34.28,34.55,38.89,40.19,ADDED_LATER,STILL_AVAILABLE,STILL_AVAILABLE,STILL_AVAILABLE,BRAND_AND_OTA
353,stonegate_golf_club_central,07-05-2026,3:45 PM,34.28,34.55,38.89,40.19,ADDED_LATER,STILL_AVAILABLE,STILL_AVAILABLE,STILL_AVAILABLE,BRAND_AND_OTA
354,stonegate_golf_club_central,08-05-2026,3:45 PM,36.39,36.66,40.96,42.37,SOLD_OUT,STILL_AVAILABLE,STILL_AVAILABLE,STILL_AVAILABLE,OTA_ONLY
355,stonegate_golf_club_central,04-05-2026,3:45 PM,,34.55,,,NEVER_LISTED,SOLD_OUT,NEVER_LISTED,NEVER_LISTED,SOLD_OUT_EVERYWHERE
356,stonegate_golf_club_central,09-05-2026,3:45 PM,36.39,36.66,40.96,42.37,ADDED_LATER,STILL_AVAILABLE,STILL_AVAILABLE,STILL_AVAILABLE,BRAND_AND_OTA
357,stonegate_golf_club_central,06-05-2026,3:45 PM,,34.55,,,NEVER_LISTED,SOLD_OUT,NEVER_LISTED,NEVER_LISTED,SOLD_OUT_EVERYWHERE
358,stonegate_golf_club_central,09-05-2026,3:52 PM,36.39,36.66,40.96,42.37,ADDED_LATER,STILL_AVAILABLE,STILL_AVAILABLE,STILL_AVAILABLE,BRAND_AND_OTA
359,stonegate_golf_club_central,06-05-2026,3:52 PM,34.28,34.55,38.89,40.19,ADDED_LATER,STILL_AVAILABLE,STILL_AVAILABLE,STILL_AVAILABLE,BRAND_AND_OTA
360,stonegate_golf_club_central,11-05-2026,3:52 PM,,34.55,38.89,40.19,NEVER_LISTED,STILL_AVAILABLE,STILL_AVAILABLE,STILL_AVAILABLE,OTA_ONLY
361,stonegate_golf_club_central,05-05-2026,3:52 PM,34.28,34.55,38.89,40.19,ADDED_LATER,STILL_AVAILABLE,STILL_AVAILABLE,STILL_AVAILABLE,BRAND_AND_OTA
362,stonegate_golf_club_central,08-05-2026,3:52 PM,36.39,36.66,40.96,42.37,SOLD_OUT,STILL_AVAILABLE,STILL_AVAILABLE,STILL_AVAILABLE,OTA_ONLY
363,stonegate_golf_club_central,04-05-2026,3:52 PM,34.28,34.55,38.89,40.19,ADDED_LATER,STILL_AVAILABLE,STILL_AVAILABLE,STILL_AVAILABLE,BRAND_AND_OTA
364,stonegate_golf_club_central,07-05-2026,3:52 PM,34.28,34.55,38.89,40.19,ADDED_LATER,STILL_AVAILABLE,STILL_AVAILABLE,STILL_AVAILABLE,BRAND_AND_OTA
365,stonegate_golf_club_central,10-05-2026,3:52 PM,34.28,34.55,38.89,40.19,ADDED_LATER,STILL_AVAILABLE,STILL_AVAILABLE,STILL_AVAILABLE,BRAND_AND_OTA
366,stonegate_golf_club_central,11-05-2026,4:00 PM,,38.76,43.03,44.56,NEVER_LISTED,STILL_AVAILABLE,STILL_AVAILABLE,STILL_AVAILABLE,OTA_ONLY
367,stonegate_golf_club_central,10-05-2026,4:00 PM,34.28,38.76,43.03,44.56,ADDED_LATER,STILL_AVAILABLE,STILL_AVAILABLE,STILL_AVAILABLE,BRAND_AND_OTA
368,stonegate_golf_club_central,07-05-2026,4:00 PM,34.28,38.76,43.03,44.56,ADDED_LATER,STILL_AVAILABLE,STILL_AVAILABLE,STILL_AVAILABLE,BRAND_AND_OTA
369,stonegate_golf_club_central,08-05-2026,4:00 PM,36.39,39.81,44.06,45.65,STILL_AVAILABLE,STILL_AVAILABLE,STILL_AVAILABLE,STILL_AVAILABLE,BRAND_AND_OTA
370,stonegate_golf_club_central,09-05-2026,4:00 PM,36.39,39.81,44.06,45.65,ADDED_LATER,STILL_AVAILABLE,STILL_AVAILABLE,STILL_AVAILABLE,BRAND_AND_OTA
371,stonegate_golf_club_central,05-05-2026,4:00 PM,34.28,38.76,43.03,44.56,ADDED_LATER,STILL_AVAILABLE,STILL_AVAILABLE,STILL_AVAILABLE,BRAND_AND_OTA
372,stonegate_golf_club_central,04-05-2026,4:00 PM,34.28,38.76,43.03,44.56,ADDED_LATER,STILL_AVAILABLE,STILL_AVAILABLE,STILL_AVAILABLE,BRAND_AND_OTA
373,stonegate_golf_club_central,06-05-2026,4:00 PM,34.28,38.76,43.03,44.56,ADDED_LATER,STILL_AVAILABLE,STILL_AVAILABLE,STILL_AVAILABLE,BRAND_AND_OTA
374,stonegate_golf_club_central,05-05-2026,7:15 AM,,58.75,,,NEVER_LISTED,SOLD_OUT,NEVER_LISTED,NEVER_LISTED,SOLD_OUT_EVERYWHERE
375,stonegate_golf_club_central,04-05-2026,7:15 AM,,58.75,,,NEVER_LISTED,SOLD_OUT,NEVER_LISTED,NEVER_LISTED,SOLD_OUT_EVERYWHERE
376,stonegate_golf_club_central,05-05-2026,7:22 AM,,58.75,,,NEVER_LISTED,SOLD_OUT,NEVER_LISTED,NEVER_LISTED,SOLD_OUT_EVERYWHERE
377,stonegate_golf_club_central,04-05-2026,7:22 AM,,58.75,,,NEVER_LISTED,SOLD_OUT,NEVER_LISTED,NEVER_LISTED,SOLD_OUT_EVERYWHERE
378,stonegate_golf_club_central,06-05-2026,7:30 AM,58.52,58.75,62.67,65.33,ADDED_AND_SOLD,SOLD_OUT,ADDED_AND_SOLD,ADDED_AND_SOLD,SOLD_OUT_EVERYWHERE
379,stonegate_golf_club_central,05-05-2026,7:30 AM,,58.75,,,NEVER_LISTED,SOLD_OUT,NEVER_LISTED,NEVER_LISTED,SOLD_OUT_EVERYWHERE
380,stonegate_golf_club_central,04-05-2026,7:30 AM,,58.75,,,NEVER_LISTED,SOLD_OUT,NEVER_LISTED,NEVER_LISTED,SOLD_OUT_EVERYWHERE
381,stonegate_golf_club_central,11-05-2026,7:30 AM,58.52,58.75,62.67,65.33,SOLD_OUT,SOLD_OUT,SOLD_OUT,SOLD_OUT,SOLD_OUT_EVERYWHERE
382,stonegate_golf_club_central,10-05-2026,7:30 AM,58.52,58.75,62.67,65.33,ADDED_AND_SOLD,ADDED_AND_SOLD,ADDED_AND_SOLD,ADDED_AND_SOLD,SOLD_OUT_EVERYWHERE
383,stonegate_golf_club_central,08-05-2026,7:30 AM,,82.94,86.44,90.46,NEVER_LISTED,SOLD_OUT,SOLD_OUT,SOLD_OUT,SOLD_OUT_EVERYWHERE
384,stonegate_golf_club_central,11-05-2026,7:37 AM,58.52,58.75,62.67,65.33,SOLD_OUT,SOLD_OUT,SOLD_OUT,SOLD_OUT,SOLD_OUT_EVERYWHERE
385,stonegate_golf_club_central,10-05-2026,7:37 AM,58.52,61.9,65.77,68.6,SOLD_OUT,SOLD_OUT,SOLD_OUT,SOLD_OUT,SOLD_OUT_EVERYWHERE
386,stonegate_golf_club_central,05-05-2026,7:37 AM,58.52,58.75,62.67,65.33,SOLD_OUT,SOLD_OUT,SOLD_OUT,SOLD_OUT,SOLD_OUT_EVERYWHERE
387,stonegate_golf_club_central,07-05-2026,7:37 AM,58.52,61.9,65.77,68.6,ADDED_AND_SOLD,ADDED_AND_SOLD,ADDED_AND_SOLD,ADDED_AND_SOLD,SOLD_OUT_EVERYWHERE
388,stonegate_golf_club_central,06-05-2026,7:37 AM,58.52,58.75,62.67,65.33,SOLD_OUT,SOLD_OUT,SOLD_OUT,SOLD_OUT,SOLD_OUT_EVERYWHERE
389,stonegate_golf_club_central,04-05-2026,7:37 AM,,58.75,62.67,65.33,NEVER_LISTED,SOLD_OUT,SOLD_OUT,SOLD_OUT,SOLD_OUT_EVERYWHERE
390,stonegate_golf_club_central,08-05-2026,7:37 AM,,72.42,,,NEVER_LISTED,SOLD_OUT,NEVER_LISTED,NEVER_LISTED,SOLD_OUT_EVERYWHERE
391,stonegate_golf_club_central,09-05-2026,7:37 AM,,78.74,,,NEVER_LISTED,SOLD_OUT,NEVER_LISTED,NEVER_LISTED,SOLD_OUT_EVERYWHERE
392,stonegate_golf_club_central,11-05-2026,7:45 AM,58.52,58.75,62.67,65.33,SOLD_OUT,STILL_AVAILABLE,STILL_AVAILABLE,STILL_AVAILABLE,OTA_ONLY
393,stonegate_golf_club_central,06-05-2026,7:45 AM,58.52,58.75,62.67,65.33,SOLD_OUT,SOLD_OUT,SOLD_OUT,SOLD_OUT,SOLD_OUT_EVERYWHERE
394,stonegate_golf_club_central,10-05-2026,7:45 AM,58.52,58.75,62.67,65.33,SOLD_OUT,SOLD_OUT,SOLD_OUT,SOLD_OUT,SOLD_OUT_EVERYWHERE
395,stonegate_golf_club_central,05-05-2026,7:45 AM,58.52,58.75,62.67,65.33,SOLD_OUT,SOLD_OUT,SOLD_OUT,SOLD_OUT,SOLD_OUT_EVERYWHERE
396,stonegate_golf_club_central,04-05-2026,7:45 AM,,58.75,62.67,65.33,NEVER_LISTED,SOLD_OUT,SOLD_OUT,SOLD_OUT,SOLD_OUT_EVERYWHERE
397,stonegate_golf_club_central,09-05-2026,7:45 AM,,78.74,86.44,86.09,NEVER_LISTED,SOLD_OUT,SOLD_OUT,SOLD_OUT,SOLD_OUT_EVERYWHERE
398,stonegate_golf_club_central,05-05-2026,7:52 AM,58.52,58.75,62.67,65.33,SOLD_OUT,SOLD_OUT,SOLD_OUT,SOLD_OUT,SOLD_OUT_EVERYWHERE
399,stonegate_golf_club_central,06-05-2026,7:52 AM,58.52,58.75,62.67,65.33,SOLD_OUT,SOLD_OUT,SOLD_OUT,SOLD_OUT,SOLD_OUT_EVERYWHERE
400,stonegate_golf_club_central,04-05-2026,7:52 AM,,58.75,62.67,65.33,NEVER_LISTED,SOLD_OUT,SOLD_OUT,SOLD_OUT,SOLD_OUT_EVERYWHERE
401,stonegate_golf_club_central,11-05-2026,7:52 AM,58.52,58.75,62.67,65.33,SOLD_OUT,STILL_AVAILABLE,STILL_AVAILABLE,STILL_AVAILABLE,OTA_ONLY
402,stonegate_golf_club_central,07-05-2026,7:52 AM,,65.06,,,NEVER_LISTED,SOLD_OUT,NEVER_LISTED,NEVER_LISTED,SOLD_OUT_EVERYWHERE
403,stonegate_golf_club_central,08-05-2026,7:52 AM,,72.42,,,NEVER_LISTED,SOLD_OUT,NEVER_LISTED,NEVER_LISTED,SOLD_OUT_EVERYWHERE
404,stonegate_golf_club_central,10-05-2026,8:00 AM,58.52,58.75,62.67,65.33,SOLD_OUT,SOLD_OUT,SOLD_OUT,SOLD_OUT,SOLD_OUT_EVERYWHERE
405,stonegate_golf_club_central,06-05-2026,8:00 AM,58.52,58.75,62.67,65.33,SOLD_OUT,SOLD_OUT,SOLD_OUT,SOLD_OUT,SOLD_OUT_EVERYWHERE
406,stonegate_golf_club_central,08-05-2026,8:00 AM,,82.94,86.44,90.46,NEVER_LISTED,SOLD_OUT,SOLD_OUT,SOLD_OUT,SOLD_OUT_EVERYWHERE
407,stonegate_golf_club_central,04-05-2026,8:00 AM,,58.75,62.67,65.33,NEVER_LISTED,SOLD_OUT,SOLD_OUT,SOLD_OUT,SOLD_OUT_EVERYWHERE
408,stonegate_golf_club_central,05-05-2026,8:00 AM,58.52,58.75,62.67,65.33,SOLD_OUT,SOLD_OUT,SOLD_OUT,SOLD_OUT,SOLD_OUT_EVERYWHERE
409,stonegate_golf_club_central,07-05-2026,8:00 AM,,58.75,,,NEVER_LISTED,SOLD_OUT,NEVER_LISTED,NEVER_LISTED,SOLD_OUT_EVERYWHERE
410,stonegate_golf_club_central,10-05-2026,8:07 AM,58.52,58.75,62.67,65.33,SOLD_OUT,SOLD_OUT,SOLD_OUT,SOLD_OUT,SOLD_OUT_EVERYWHERE
411,stonegate_golf_club_central,06-05-2026,8:07 AM,58.52,58.75,62.67,65.33,SOLD_OUT,SOLD_OUT,SOLD_OUT,SOLD_OUT,SOLD_OUT_EVERYWHERE
412,stonegate_golf_club_central,07-05-2026,8:07 AM,58.52,58.75,62.67,65.33,SOLD_OUT,SOLD_OUT,SOLD_OUT,SOLD_OUT,SOLD_OUT_EVERYWHERE
413,stonegate_golf_club_central,11-05-2026,8:07 AM,58.52,58.75,62.67,65.33,SOLD_OUT,STILL_AVAILABLE,STILL_AVAILABLE,STILL_AVAILABLE,OTA_ONLY
414,stonegate_golf_club_central,04-05-2026,8:07 AM,,58.75,62.67,65.33,NEVER_LISTED,SOLD_OUT,SOLD_OUT,SOLD_OUT,SOLD_OUT_EVERYWHERE
415,stonegate_golf_club_central,05-05-2026,8:07 AM,58.52,58.75,62.67,65.33,SOLD_OUT,SOLD_OUT,SOLD_OUT,SOLD_OUT,SOLD_OUT_EVERYWHERE
416,stonegate_golf_club_central,08-05-2026,8:07 AM,,72.42,,,NEVER_LISTED,SOLD_OUT,NEVER_LISTED,NEVER_LISTED,SOLD_OUT_EVERYWHERE
417,stonegate_golf_club_central,11-05-2026,8:15 AM,58.52,58.75,62.67,65.33,SOLD_OUT,STILL_AVAILABLE,STILL_AVAILABLE,STILL_AVAILABLE,OTA_ONLY
418,stonegate_golf_club_central,10-05-2026,8:15 AM,58.52,58.75,62.67,65.33,SOLD_OUT,SOLD_OUT,SOLD_OUT,SOLD_OUT,SOLD_OUT_EVERYWHERE
419,stonegate_golf_club_central,05-05-2026,8:15 AM,58.52,58.75,62.67,65.33,SOLD_OUT,SOLD_OUT,SOLD_OUT,SOLD_OUT,SOLD_OUT_EVERYWHERE
420,stonegate_golf_club_central,06-05-2026,8:15 AM,58.52,58.75,62.67,65.33,SOLD_OUT,SOLD_OUT,SOLD_OUT,SOLD_OUT,SOLD_OUT_EVERYWHERE
421,stonegate_golf_club_central,04-05-2026,8:15 AM,58.52,58.75,62.67,65.33,SOLD_OUT,SOLD_OUT,SOLD_OUT,SOLD_OUT,SOLD_OUT_EVERYWHERE
422,stonegate_golf_club_central,07-05-2026,8:15 AM,58.52,58.75,62.67,65.33,SOLD_OUT,SOLD_OUT,SOLD_OUT,SOLD_OUT,SOLD_OUT_EVERYWHERE
423,stonegate_golf_club_central,08-05-2026,8:15 AM,,72.42,,,NEVER_LISTED,SOLD_OUT,NEVER_LISTED,NEVER_LISTED,SOLD_OUT_EVERYWHERE
424,stonegate_golf_club_central,09-05-2026,8:15 AM,,72.42,,,NEVER_LISTED,SOLD_OUT,NEVER_LISTED,NEVER_LISTED,SOLD_OUT_EVERYWHERE
425,stonegate_golf_club_central,11-05-2026,8:22 AM,58.52,58.75,62.67,65.33,SOLD_OUT,STILL_AVAILABLE,STILL_AVAILABLE,STILL_AVAILABLE,OTA_ONLY
426,stonegate_golf_club_central,10-05-2026,8:22 AM,58.52,58.75,62.67,65.33,SOLD_OUT,SOLD_OUT,SOLD_OUT,SOLD_OUT,SOLD_OUT_EVERYWHERE
427,stonegate_golf_club_central,05-05-2026,8:22 AM,58.52,58.75,62.67,65.33,SOLD_OUT,SOLD_OUT,SOLD_OUT,SOLD_OUT,SOLD_OUT_EVERYWHERE
428,stonegate_golf_club_central,06-05-2026,8:22 AM,58.52,58.75,62.67,65.33,SOLD_OUT,SOLD_OUT,SOLD_OUT,SOLD_OUT,SOLD_OUT_EVERYWHERE
429,stonegate_golf_club_central,07-05-2026,8:22 AM,58.52,58.75,62.67,65.33,SOLD_OUT,SOLD_OUT,SOLD_OUT,SOLD_OUT,SOLD_OUT_EVERYWHERE
430,stonegate_golf_club_central,04-05-2026,8:22 AM,58.52,58.75,62.67,65.33,SOLD_OUT,SOLD_OUT,SOLD_OUT,SOLD_OUT,SOLD_OUT_EVERYWHERE
431,stonegate_golf_club_central,08-05-2026,8:22 AM,,72.42,,,NEVER_LISTED,SOLD_OUT,NEVER_LISTED,NEVER_LISTED,SOLD_OUT_EVERYWHERE
432,stonegate_golf_club_central,10-05-2026,8:30 AM,58.52,58.75,62.67,65.33,SOLD_OUT,SOLD_OUT,SOLD_OUT,SOLD_OUT,SOLD_OUT_EVERYWHERE
433,stonegate_golf_club_central,04-05-2026,8:30 AM,58.52,58.75,62.67,65.33,SOLD_OUT,SOLD_OUT,SOLD_OUT,SOLD_OUT,SOLD_OUT_EVERYWHERE
434,stonegate_golf_club_central,05-05-2026,8:30 AM,58.52,58.75,62.67,65.33,SOLD_OUT,SOLD_OUT,SOLD_OUT,SOLD_OUT,SOLD_OUT_EVERYWHERE
435,stonegate_golf_club_central,11-05-2026,8:30 AM,58.52,58.75,62.67,65.33,SOLD_OUT,SOLD_OUT,SOLD_OUT,SOLD_OUT,SOLD_OUT_EVERYWHERE
436,stonegate_golf_club_central,06-05-2026,8:30 AM,58.52,58.75,62.67,65.33,SOLD_OUT,SOLD_OUT,SOLD_OUT,SOLD_OUT,SOLD_OUT_EVERYWHERE
437,stonegate_golf_club_central,11-05-2026,8:37 AM,58.52,58.75,62.67,65.33,SOLD_OUT,SOLD_OUT,SOLD_OUT,SOLD_OUT,SOLD_OUT_EVERYWHERE
438,stonegate_golf_club_central,10-05-2026,8:37 AM,58.52,58.75,62.67,65.33,SOLD_OUT,SOLD_OUT,SOLD_OUT,SOLD_OUT,SOLD_OUT_EVERYWHERE
439,stonegate_golf_club_central,06-05-2026,8:37 AM,58.52,58.75,62.67,65.33,SOLD_OUT,SOLD_OUT,SOLD_OUT,SOLD_OUT,SOLD_OUT_EVERYWHERE
440,stonegate_golf_club_central,05-05-2026,8:37 AM,58.52,58.75,62.67,65.33,SOLD_OUT,SOLD_OUT,SOLD_OUT,SOLD_OUT,SOLD_OUT_EVERYWHERE
441,stonegate_golf_club_central,04-05-2026,8:37 AM,58.52,58.75,62.67,65.33,SOLD_OUT,SOLD_OUT,SOLD_OUT,SOLD_OUT,SOLD_OUT_EVERYWHERE
442,stonegate_golf_club_central,09-05-2026,8:37 AM,,72.42,,,NEVER_LISTED,SOLD_OUT,NEVER_LISTED,NEVER_LISTED,SOLD_OUT_EVERYWHERE
443,stonegate_golf_club_central,11-05-2026,8:45 AM,58.52,58.75,62.67,65.33,STILL_AVAILABLE,STILL_AVAILABLE,STILL_AVAILABLE,STILL_AVAILABLE,BRAND_AND_OTA
444,stonegate_golf_club_central,04-05-2026,8:45 AM,58.52,58.75,62.67,65.33,SOLD_OUT,SOLD_OUT,SOLD_OUT,SOLD_OUT,SOLD_OUT_EVERYWHERE
445,stonegate_golf_club_central,05-05-2026,8:45 AM,58.52,58.75,62.67,65.33,SOLD_OUT,SOLD_OUT,SOLD_OUT,SOLD_OUT,SOLD_OUT_EVERYWHERE
446,stonegate_golf_club_central,07-05-2026,8:45 AM,58.52,58.75,62.67,65.33,SOLD_OUT,SOLD_OUT,SOLD_OUT,SOLD_OUT,SOLD_OUT_EVERYWHERE
447,stonegate_golf_club_central,09-05-2026,8:45 AM,72.22,72.42,82.31,86.09,ADDED_AND_SOLD,SOLD_OUT,ADDED_AND_SOLD,ADDED_AND_SOLD,SOLD_OUT_EVERYWHERE
448,stonegate_golf_club_central,06-05-2026,8:45 AM,58.52,58.75,62.67,65.33,SOLD_OUT,SOLD_OUT,SOLD_OUT,SOLD_OUT,SOLD_OUT_EVERYWHERE
449,stonegate_golf_club_central,08-05-2026,8:45 AM,,72.42,,,NEVER_LISTED,SOLD_OUT,NEVER_LISTED,NEVER_LISTED,SOLD_OUT_EVERYWHERE
450,stonegate_golf_club_central,10-05-2026,8:45 AM,58.52,58.75,62.67,65.33,SOLD_OUT,SOLD_OUT,SOLD_OUT,SOLD_OUT,SOLD_OUT_EVERYWHERE
451,stonegate_golf_club_central,10-05-2026,8:52 AM,58.52,58.75,62.67,65.33,SOLD_OUT,SOLD_OUT,SOLD_OUT,SOLD_OUT,SOLD_OUT_EVERYWHERE
452,stonegate_golf_club_central,06-05-2026,8:52 AM,58.52,58.75,62.67,65.33,SOLD_OUT,SOLD_OUT,SOLD_OUT,SOLD_OUT,SOLD_OUT_EVERYWHERE
453,stonegate_golf_club_central,07-05-2026,8:52 AM,58.52,58.75,62.67,65.33,SOLD_OUT,SOLD_OUT,SOLD_OUT,SOLD_OUT,SOLD_OUT_EVERYWHERE
454,stonegate_golf_club_central,05-05-2026,8:52 AM,58.52,58.75,62.67,65.33,ADDED_AND_SOLD,SOLD_OUT,ADDED_AND_SOLD,ADDED_AND_SOLD,SOLD_OUT_EVERYWHERE
455,stonegate_golf_club_central,11-05-2026,8:52 AM,,58.75,62.67,65.33,NEVER_LISTED,STILL_AVAILABLE,STILL_AVAILABLE,STILL_AVAILABLE,OTA_ONLY
456,stonegate_golf_club_central,08-05-2026,8:52 AM,72.22,,,,ADDED_AND_SOLD,NEVER_LISTED,NEVER_LISTED,NEVER_LISTED,SOLD_OUT_EVERYWHERE
457,stonegate_golf_club_central,04-05-2026,8:52 AM,,58.75,,,NEVER_LISTED,SOLD_OUT,NEVER_LISTED,NEVER_LISTED,SOLD_OUT_EVERYWHERE
458,stonegate_golf_club_central,09-05-2026,8:52 AM,,72.42,,,NEVER_LISTED,SOLD_OUT,NEVER_LISTED,NEVER_LISTED,SOLD_OUT_EVERYWHERE
459,stonegate_golf_club_central,09-05-2026,9:00 AM,,82.94,86.44,90.46,NEVER_LISTED,ADDED_AND_SOLD,ADDED_AND_SOLD,ADDED_AND_SOLD,SOLD_OUT_EVERYWHERE
460,stonegate_golf_club_central,07-05-2026,9:00 AM,58.52,58.75,62.67,65.33,SOLD_OUT,SOLD_OUT,SOLD_OUT,SOLD_OUT,SOLD_OUT_EVERYWHERE
461,stonegate_golf_club_central,06-05-2026,9:00 AM,58.52,58.75,62.67,65.33,SOLD_OUT,SOLD_OUT,SOLD_OUT,SOLD_OUT,SOLD_OUT_EVERYWHERE
462,stonegate_golf_club_central,10-05-2026,9:00 AM,58.52,58.75,62.67,65.33,SOLD_OUT,SOLD_OUT,SOLD_OUT,SOLD_OUT,SOLD_OUT_EVERYWHERE
463,stonegate_golf_club_central,04-05-2026,9:00 AM,,58.75,,,NEVER_LISTED,SOLD_OUT,NEVER_LISTED,NEVER_LISTED,SOLD_OUT_EVERYWHERE
464,stonegate_golf_club_central,10-05-2026,9:07 AM,58.52,58.75,62.67,65.33,SOLD_OUT,SOLD_OUT,SOLD_OUT,SOLD_OUT,SOLD_OUT_EVERYWHERE
465,stonegate_golf_club_central,07-05-2026,9:07 AM,58.52,58.75,62.67,65.33,SOLD_OUT,SOLD_OUT,SOLD_OUT,SOLD_OUT,SOLD_OUT_EVERYWHERE
466,stonegate_golf_club_central,04-05-2026,9:07 AM,,58.75,,,NEVER_LISTED,SOLD_OUT,NEVER_LISTED,NEVER_LISTED,SOLD_OUT_EVERYWHERE
467,stonegate_golf_club_central,06-05-2026,9:07 AM,58.52,58.75,62.67,65.33,SOLD_OUT,SOLD_OUT,SOLD_OUT,SOLD_OUT,SOLD_OUT_EVERYWHERE
468,stonegate_golf_club_central,04-05-2026,9:15 AM,58.52,58.75,62.67,65.33,SOLD_OUT,SOLD_OUT,SOLD_OUT,SOLD_OUT,SOLD_OUT_EVERYWHERE
469,stonegate_golf_club_central,10-05-2026,9:15 AM,58.52,58.75,62.67,65.33,SOLD_OUT,SOLD_OUT,SOLD_OUT,SOLD_OUT,SOLD_OUT_EVERYWHERE
470,stonegate_golf_club_central,09-05-2026,9:15 AM,,72.42,,,NEVER_LISTED,SOLD_OUT,NEVER_LISTED,NEVER_LISTED,SOLD_OUT_EVERYWHERE
471,stonegate_golf_club_central,06-05-2026,9:15 AM,58.52,58.75,62.67,65.33,SOLD_OUT,SOLD_OUT,SOLD_OUT,SOLD_OUT,SOLD_OUT_EVERYWHERE
472,stonegate_golf_club_central,07-05-2026,9:15 AM,,58.75,,,NEVER_LISTED,SOLD_OUT,NEVER_LISTED,NEVER_LISTED,SOLD_OUT_EVERYWHERE
473,stonegate_golf_club_central,04-05-2026,9:22 AM,58.52,58.75,62.67,65.33,SOLD_OUT,SOLD_OUT,SOLD_OUT,SOLD_OUT,SOLD_OUT_EVERYWHERE
474,stonegate_golf_club_central,07-05-2026,9:22 AM,58.52,58.75,62.67,65.33,ADDED_AND_SOLD,SOLD_OUT,ADDED_AND_SOLD,ADDED_AND_SOLD,SOLD_OUT_EVERYWHERE
475,stonegate_golf_club_central,10-05-2026,9:22 AM,58.52,58.75,62.67,65.33,SOLD_OUT,SOLD_OUT,SOLD_OUT,SOLD_OUT,SOLD_OUT_EVERYWHERE
476,stonegate_golf_club_central,06-05-2026,9:22 AM,58.52,58.75,62.67,65.33,SOLD_OUT,SOLD_OUT,SOLD_OUT,SOLD_OUT,SOLD_OUT_EVERYWHERE
477,stonegate_golf_club_central,09-05-2026,9:22 AM,,72.42,,,NEVER_LISTED,SOLD_OUT,NEVER_LISTED,NEVER_LISTED,SOLD_OUT_EVERYWHERE
478,stonegate_golf_club_central,11-05-2026,9:30 AM,58.52,58.75,62.67,65.33,ADDED_LATER,ADDED_LATER,ADDED_LATER,ADDED_LATER,BRAND_AND_OTA
479,stonegate_golf_club_central,10-05-2026,9:30 AM,58.52,58.75,62.67,65.33,ADDED_AND_SOLD,SOLD_OUT,ADDED_AND_SOLD,ADDED_AND_SOLD,SOLD_OUT_EVERYWHERE
480,stonegate_golf_club_central,04-05-2026,9:30 AM,58.52,58.75,62.67,65.33,SOLD_OUT,SOLD_OUT,SOLD_OUT,SOLD_OUT,SOLD_OUT_EVERYWHERE
481,stonegate_golf_club_central,06-05-2026,9:30 AM,58.52,58.75,62.67,65.33,SOLD_OUT,SOLD_OUT,SOLD_OUT,SOLD_OUT,SOLD_OUT_EVERYWHERE
482,stonegate_golf_club_central,07-05-2026,9:30 AM,,58.75,,,NEVER_LISTED,SOLD_OUT,NEVER_LISTED,NEVER_LISTED,SOLD_OUT_EVERYWHERE
483,stonegate_golf_club_central,11-05-2026,9:37 AM,58.52,58.75,62.67,65.33,SOLD_OUT,SOLD_OUT,SOLD_OUT,SOLD_OUT,SOLD_OUT_EVERYWHERE
484,stonegate_golf_club_central,10-05-2026,9:37 AM,58.52,58.75,62.67,65.33,SOLD_OUT,SOLD_OUT,SOLD_OUT,SOLD_OUT,SOLD_OUT_EVERYWHERE
485,stonegate_golf_club_central,04-05-2026,9:37 AM,58.52,58.75,62.67,65.33,SOLD_OUT,SOLD_OUT,SOLD_OUT,SOLD_OUT,SOLD_OUT_EVERYWHERE
486,stonegate_golf_club_central,07-05-2026,9:37 AM,58.52,58.75,62.67,65.33,SOLD_OUT,SOLD_OUT,SOLD_OUT,SOLD_OUT,SOLD_OUT_EVERYWHERE
487,stonegate_golf_club_central,09-05-2026,9:37 AM,72.22,72.42,76.11,79.53,SOLD_OUT,SOLD_OUT,SOLD_OUT,SOLD_OUT,SOLD_OUT_EVERYWHERE
488,stonegate_golf_club_central,08-05-2026,9:37 AM,,72.42,,,NEVER_LISTED,SOLD_OUT,NEVER_LISTED,NEVER_LISTED,SOLD_OUT_EVERYWHERE
489,stonegate_golf_club_central,06-05-2026,9:37 AM,,58.75,,,NEVER_LISTED,SOLD_OUT,NEVER_LISTED,NEVER_LISTED,SOLD_OUT_EVERYWHERE
490,stonegate_golf_club_central,11-05-2026,9:45 AM,58.52,58.75,62.67,65.33,STILL_AVAILABLE,STILL_AVAILABLE,STILL_AVAILABLE,STILL_AVAILABLE,BRAND_AND_OTA
491,stonegate_golf_club_central,10-05-2026,9:45 AM,58.52,58.75,62.67,65.33,SOLD_OUT,SOLD_OUT,SOLD_OUT,SOLD_OUT,SOLD_OUT_EVERYWHERE
492,stonegate_golf_club_central,07-05-2026,9:45 AM,58.52,58.75,62.67,65.33,SOLD_OUT,SOLD_OUT,SOLD_OUT,SOLD_OUT,SOLD_OUT_EVERYWHERE
493,stonegate_golf_club_central,09-05-2026,9:45 AM,72.22,72.42,76.11,79.53,SOLD_OUT,SOLD_OUT,SOLD_OUT,SOLD_OUT,SOLD_OUT_EVERYWHERE
494,stonegate_golf_club_central,06-05-2026,9:45 AM,58.52,58.75,62.67,65.33,SOLD_OUT,SOLD_OUT,SOLD_OUT,SOLD_OUT,SOLD_OUT_EVERYWHERE
495,stonegate_golf_club_central,04-05-2026,9:45 AM,,58.75,,,NEVER_LISTED,SOLD_OUT,NEVER_LISTED,NEVER_LISTED,SOLD_OUT_EVERYWHERE
496,stonegate_golf_club_central,10-05-2026,9:52 AM,58.52,58.75,62.67,65.33,SOLD_OUT,SOLD_OUT,SOLD_OUT,SOLD_OUT,SOLD_OUT_EVERYWHERE
497,stonegate_golf_club_central,04-05-2026,9:52 AM,58.52,58.75,62.67,65.33,SOLD_OUT,SOLD_OUT,SOLD_OUT,SOLD_OUT,SOLD_OUT_EVERYWHERE
498,stonegate_golf_club_central,09-05-2026,9:52 AM,72.22,72.42,76.11,79.53,SOLD_OUT,ADDED_AND_SOLD,ADDED_AND_SOLD,ADDED_AND_SOLD,SOLD_OUT_EVERYWHERE
499,stonegate_golf_club_central,11-05-2026,9:52 AM,58.52,58.75,62.67,65.33,STILL_AVAILABLE,STILL_AVAILABLE,STILL_AVAILABLE,STILL_AVAILABLE,BRAND_AND_OTA
500,stonegate_golf_club_central,06-05-2026,9:52 AM,58.52,58.75,62.67,65.33,SOLD_OUT,SOLD_OUT,SOLD_OUT,SOLD_OUT,SOLD_OUT_EVERYWHERE
501,stonegate_golf_club_central,07-05-2026,9:52 AM,,58.75,,,NEVER_LISTED,SOLD_OUT,NEVER_LISTED,NEVER_LISTED,SOLD_OUT_EVERYWHERE
